path,width,height,format,mode,file_size_MB,valid,md5,clean
/content/genimage_sample/biggan/raw/imagenet_ai_0419_biggan/train/ai/231_biggan_00042.png,128,128,PNG,RGB,0.02861499786376953,True,f4a3fdc6c2aade2c0409ac18fa3a97fd,True
/content/genimage_sample/biggan/raw/imagenet_ai_0419_biggan/train/ai/321_biggan_00173.png,128,128,PNG,RGB,0.03254508972167969,True,b3dbafce5163506c6d3ad4addaf26e8f,True
/content/genimage_sample/biggan/raw/imagenet_ai_0419_biggan/train/ai/667_biggan_00034.png,128,128,PNG,RGB,0.02646160125732422,True,68da2b4d92ba5c3ef890b29ba3904b60,True
/content/genimage_sample/biggan/raw/imagenet_ai_0419_biggan/train/ai/071_biggan_00163.png,128,128,PNG,RGB,0.03821563720703125,True,6f973f7de4d82673e1ebdeabfd1ba73f,True
/content/genimage_sample/biggan/raw/imagenet_ai_0419_biggan/train/ai/549_biggan_00010.png,128,128,PNG,RGB,0.01750946044921875,True,2e3b88e773a84996011b4f1ae5e08a96,True
/content/genimage_sample/biggan/raw/imagenet_ai_0419_biggan/train/ai/193_biggan_00198.png,128,128,PNG,RGB,0.03289794921875,True,a1e135b2cfbba95b2acf45ebbf1224e9,True
/content/genimage_sample/biggan/raw/imagenet_ai_0419_biggan/train/ai/115_biggan_00107.png,128,128,PNG,RGB,0.03321361541748047,True,401b788e7f89b23d7259c0e5a60fa77d,True
/content/genimage_sample/biggan/raw/imagenet_ai_0419_biggan/train/ai/953_biggan_00106.png,128,128,PNG,RGB,0.032263755798339844,True,a91b5f8f1fe9da11d0331ec0f7952746,True
/content/genimage_sample/biggan/raw/imagenet_ai_0419_biggan/train/ai/226_biggan_00166.png,128,128,PNG,RGB,0.027545928955078125,True,96dc9a60528017c7d017f6d4c67ab022,True
/content/genimage_sample/biggan/raw/imagenet_ai_0419_biggan/train/ai/612_biggan_00106.png,128,128,PNG,RGB,0.031319618225097656,True,9ac8a5f19e88da5c94f37fb42501af5a,True
/content/genimage_sample/biggan/raw/imagenet_ai_0419_biggan/train/ai/005_biggan_00146.png,128,128,PNG,RGB,0.014865875244140625,True,48603fcb9e895abcccbd1b0ae7d37d3b,True
/content/genimage_sample/biggan/raw/imagenet_ai_0419_biggan/train/ai/565_biggan_00160.png,128,128,PNG,RGB,0.023819923400878906,True,8014f68a23491fa2fc5e3e60151dbfe0,True
/content/genimage_sample/biggan/raw/imagenet_ai_0419_biggan/train/ai/962_biggan_00006.png,128,128,PNG,RGB,0.03471088409423828,True,f291a64e54b49b1d81439f2c923a55a4,True
/content/genimage_sample/biggan/raw/imagenet_ai_0419_biggan/train/ai/871_biggan_00061.png,128,128,PNG,RGB,0.02463245391845703,True,a6b74753492a5121e50a368fcffe45c2,True
/content/genimage_sample/biggan/raw/imagenet_ai_0419_biggan/train/ai/748_biggan_00002.png,128,128,PNG,RGB,0.03314971923828125,True,39e95537bc56ec666808bed2ee9c9106,True
/content/genimage_sample/biggan/raw/imagenet_ai_0419_biggan/train/ai/504_biggan_00082.png,128,128,PNG,RGB,0.025613784790039062,True,93027c681b34ea741beef05931817ab3,True
/content/genimage_sample/biggan/raw/imagenet_ai_0419_biggan/train/ai/665_biggan_00049.png,128,128,PNG,RGB,0.03602123260498047,True,853368fdd35f28b234438c882540b6a9,True
/content/genimage_sample/biggan/raw/imagenet_ai_0419_biggan/train/ai/451_biggan_00132.png,128,128,PNG,RGB,0.025907516479492188,True,de8f5ec2e45011ee6e91aaab675b74ec,True
/content/genimage_sample/biggan/raw/imagenet_ai_0419_biggan/train/ai/167_biggan_00122.png,128,128,PNG,RGB,0.0266571044921875,True,8cfe7ecb394f51d1e879245eb96eac54,True
/content/genimage_sample/biggan/raw/imagenet_ai_0419_biggan/train/ai/855_biggan_00181.png,128,128,PNG,RGB,0.021366119384765625,True,a9a1614b607e05541b53df1663133330,True
/content/genimage_sample/biggan/raw/imagenet_ai_0419_biggan/train/ai/604_biggan_00053.png,128,128,PNG,RGB,0.02318859100341797,True,4b0668f64369685e884bf1734ccf1d70,True
/content/genimage_sample/biggan/raw/imagenet_ai_0419_biggan/train/ai/645_biggan_00126.png,128,128,PNG,RGB,0.03650474548339844,True,4587f8c78c190e9144e8f2045e8b7d77,True
/content/genimage_sample/biggan/raw/imagenet_ai_0419_biggan/train/ai/989_biggan_00159.png,128,128,PNG,RGB,0.03222465515136719,True,bb0f8b089045d15f8298022a7aafa01d,True
/content/genimage_sample/biggan/raw/imagenet_ai_0419_biggan/train/ai/114_biggan_00130.png,128,128,PNG,RGB,0.03885650634765625,True,8bc85f3608b9205f07af27764326f5c6,True
/content/genimage_sample/biggan/raw/imagenet_ai_0419_biggan/train/ai/821_biggan_00096.png,128,128,PNG,RGB,0.02830219268798828,True,d5fc6681f2919f4203951d4ce4ebc05e,True
/content/genimage_sample/biggan/raw/imagenet_ai_0419_biggan/train/ai/050_biggan_00165.png,128,128,PNG,RGB,0.029413223266601562,True,13d263c418a12e3cc49c39e0b9396c69,True
/content/genimage_sample/biggan/raw/imagenet_ai_0419_biggan/train/ai/103_biggan_00120.png,128,128,PNG,RGB,0.027826309204101562,True,86a9438a2973e3f9720687e8936755df,True
/content/genimage_sample/biggan/raw/imagenet_ai_0419_biggan/train/ai/757_biggan_00077.png,128,128,PNG,RGB,0.02410602569580078,True,ae707245b35c4f3b89f0e205ea11d506,True
/content/genimage_sample/biggan/raw/imagenet_ai_0419_biggan/train/ai/818_biggan_00120.png,128,128,PNG,RGB,0.0093841552734375,True,11037d2fda078ea08c29456fbf00483a,True
/content/genimage_sample/biggan/raw/imagenet_ai_0419_biggan/train/ai/161_biggan_00156.png,128,128,PNG,RGB,0.028917312622070312,True,9c0f18d4856dd255fa7f76e67b796d35,True
/content/genimage_sample/biggan/raw/imagenet_ai_0419_biggan/train/ai/087_biggan_00130.png,128,128,PNG,RGB,0.027121543884277344,True,f176d56b5facbb68f998351abc1f0dc0,True
/content/genimage_sample/biggan/raw/imagenet_ai_0419_biggan/train/ai/339_biggan_00185.png,128,128,PNG,RGB,0.031248092651367188,True,50cc27dcefdf1ea30a9bad3d24764827,True
/content/genimage_sample/biggan/raw/imagenet_ai_0419_biggan/train/ai/450_biggan_00034.png,128,128,PNG,RGB,0.029628753662109375,True,caeae3c926ec4bc63f88e87102e5ea2e,True
/content/genimage_sample/biggan/raw/imagenet_ai_0419_biggan/train/ai/864_biggan_00066.png,128,128,PNG,RGB,0.025694847106933594,True,94e0559dbcc08ca377b9e284e7f61dbc,True
/content/genimage_sample/biggan/raw/imagenet_ai_0419_biggan/train/ai/449_biggan_00128.png,128,128,PNG,RGB,0.026000022888183594,True,c5354156145c17331b1b64e5612cb026,True
/content/genimage_sample/biggan/raw/imagenet_ai_0419_biggan/train/ai/288_biggan_00187.png,128,128,PNG,RGB,0.033341407775878906,True,27b788e68507bdd5959b750d7d84e6f2,True
/content/genimage_sample/biggan/raw/imagenet_ai_0419_biggan/train/ai/449_biggan_00161.png,128,128,PNG,RGB,0.032874107360839844,True,45f9bf5b37e896fad7599c80eed92433,True
/content/genimage_sample/biggan/raw/imagenet_ai_0419_biggan/train/ai/340_biggan_00166.png,128,128,PNG,RGB,0.03432464599609375,True,d72714889716131d72f8a0a92e4982aa,True
/content/genimage_sample/biggan/raw/imagenet_ai_0419_biggan/train/ai/937_biggan_00046.png,128,128,PNG,RGB,0.038374900817871094,True,576a8f52aaa4a82386a438eb2b8669a3,True
/content/genimage_sample/biggan/raw/imagenet_ai_0419_biggan/train/ai/790_biggan_00129.png,128,128,PNG,RGB,0.024282455444335938,True,15b4fb16f756b53f8e0b0bda3e160c7a,True
/content/genimage_sample/biggan/raw/imagenet_ai_0419_biggan/train/ai/455_biggan_00183.png,128,128,PNG,RGB,0.03292369842529297,True,878f26e89904b658697f37b6e899d7eb,True
/content/genimage_sample/biggan/raw/imagenet_ai_0419_biggan/train/ai/094_biggan_00126.png,128,128,PNG,RGB,0.023265838623046875,True,afe6039b87711ba2c29b6faa4c6dcd0d,True
/content/genimage_sample/biggan/raw/imagenet_ai_0419_biggan/train/ai/969_biggan_00043.png,128,128,PNG,RGB,0.02759552001953125,True,38cf2ec15d61ac81349f472024e03aab,True
/content/genimage_sample/biggan/raw/imagenet_ai_0419_biggan/train/ai/399_biggan_00016.png,128,128,PNG,RGB,0.021942138671875,True,8b3609c45cbd95da5deeb2ea809bdf1d,True
/content/genimage_sample/biggan/raw/imagenet_ai_0419_biggan/train/ai/429_biggan_00031.png,128,128,PNG,RGB,0.03363513946533203,True,abad50e153230d316232ef1821783a50,True
/content/genimage_sample/biggan/raw/imagenet_ai_0419_biggan/train/ai/589_biggan_00075.png,128,128,PNG,RGB,0.02117156982421875,True,ae4ed64da3e1b0cafa4e1200a5a8688e,True
/content/genimage_sample/biggan/raw/imagenet_ai_0419_biggan/train/ai/755_biggan_00144.png,128,128,PNG,RGB,0.0284881591796875,True,731fc72edacfb90ca8480656b4e69378,True
/content/genimage_sample/biggan/raw/imagenet_ai_0419_biggan/train/ai/978_biggan_00142.png,128,128,PNG,RGB,0.024819374084472656,True,e40df24355dcf810a3fd3bf7aca054dc,True
/content/genimage_sample/biggan/raw/imagenet_ai_0419_biggan/train/ai/111_biggan_00063.png,128,128,PNG,RGB,0.016489028930664062,True,d9e5f2f31d27ce76cd821338d9ccd69f,True
/content/genimage_sample/biggan/raw/imagenet_ai_0419_biggan/train/ai/447_biggan_00142.png,128,128,PNG,RGB,0.022249221801757812,True,f9431cb72c10a562f50963ce8ba88feb,True
/content/genimage_sample/biggan/raw/imagenet_ai_0419_biggan/train/ai/657_biggan_00129.png,128,128,PNG,RGB,0.021566390991210938,True,f6a22cb8ee4f36e31c46e2e4dc4f464d,True
/content/genimage_sample/biggan/raw/imagenet_ai_0419_biggan/train/ai/251_biggan_00118.png,128,128,PNG,RGB,0.028478622436523438,True,eafc7f298e680df806fcbcc49379a767,True
/content/genimage_sample/biggan/raw/imagenet_ai_0419_biggan/train/ai/646_biggan_00149.png,128,128,PNG,RGB,0.033713340759277344,True,161674f22dd6d84ec2c5d3daf9664250,True
/content/genimage_sample/biggan/raw/imagenet_ai_0419_biggan/train/ai/185_biggan_00073.png,128,128,PNG,RGB,0.03153038024902344,True,89830e577987c7e7ea9771e38fc21187,True
/content/genimage_sample/biggan/raw/imagenet_ai_0419_biggan/train/ai/308_biggan_00023.png,128,128,PNG,RGB,0.02702045440673828,True,5a05805de7695faf96660fe097bd1008,True
/content/genimage_sample/biggan/raw/imagenet_ai_0419_biggan/train/ai/980_biggan_00187.png,128,128,PNG,RGB,0.024013519287109375,True,f8323a8926dbef60f11ed74921609f6b,True
/content/genimage_sample/biggan/raw/imagenet_ai_0419_biggan/train/ai/461_biggan_00033.png,128,128,PNG,RGB,0.02817058563232422,True,f4cd8f297308428cc9af66f3fc7ddfc6,True
/content/genimage_sample/biggan/raw/imagenet_ai_0419_biggan/train/ai/111_biggan_00198.png,128,128,PNG,RGB,0.007752418518066406,True,f88032c28def3137ed1c96515b074cc7,True
/content/genimage_sample/biggan/raw/imagenet_ai_0419_biggan/train/ai/897_biggan_00087.png,128,128,PNG,RGB,0.021390914916992188,True,512b33b742645e19ea3f6d160ff1c4a9,True
/content/genimage_sample/biggan/raw/imagenet_ai_0419_biggan/train/ai/646_biggan_00060.png,128,128,PNG,RGB,0.034081459045410156,True,2ec6882df7019ca7d936deb8f9da2b92,True
/content/genimage_sample/biggan/raw/imagenet_ai_0419_biggan/train/ai/985_biggan_00083.png,128,128,PNG,RGB,0.03813362121582031,True,922912f96ce23acde8a8763deff3d745,True
/content/genimage_sample/biggan/raw/imagenet_ai_0419_biggan/train/ai/040_biggan_00022.png,128,128,PNG,RGB,0.023923873901367188,True,eaa0ec18b291266ffa819fd5aff31626,True
/content/genimage_sample/biggan/raw/imagenet_ai_0419_biggan/train/ai/547_biggan_00016.png,128,128,PNG,RGB,0.031311988830566406,True,30c6fbf6cfc18b9e7b6c518f6256cbd5,True
/content/genimage_sample/biggan/raw/imagenet_ai_0419_biggan/train/ai/911_biggan_00004.png,128,128,PNG,RGB,0.030640602111816406,True,6b2e05b5ba0fbc50a34bdda1a3124e89,True
/content/genimage_sample/biggan/raw/imagenet_ai_0419_biggan/train/ai/092_biggan_00007.png,128,128,PNG,RGB,0.02083873748779297,True,730777e1dff371fcbd0b1fadf1976995,True
/content/genimage_sample/biggan/raw/imagenet_ai_0419_biggan/train/ai/440_biggan_00140.png,128,128,PNG,RGB,0.030188560485839844,True,aee321eef85b95606fca3866e5c9a401,True
/content/genimage_sample/biggan/raw/imagenet_ai_0419_biggan/train/ai/010_biggan_00103.png,128,128,PNG,RGB,0.030190467834472656,True,fa9d3d4ca8d7ac5e51966156e9fc73e6,True
/content/genimage_sample/biggan/raw/imagenet_ai_0419_biggan/train/ai/657_biggan_00117.png,128,128,PNG,RGB,0.019571304321289062,True,3d0958d7b772e6248df329181bbeff3b,True
/content/genimage_sample/biggan/raw/imagenet_ai_0419_biggan/train/ai/429_biggan_00030.png,128,128,PNG,RGB,0.02628040313720703,True,2ffdc13b27cc9ab34f5a156958b549aa,True
/content/genimage_sample/biggan/raw/imagenet_ai_0419_biggan/train/ai/372_biggan_00073.png,128,128,PNG,RGB,0.031528472900390625,True,60c6ffb369c112456010b036308080e5,True
/content/genimage_sample/biggan/raw/imagenet_ai_0419_biggan/train/ai/890_biggan_00104.png,128,128,PNG,RGB,0.03170967102050781,True,68333302e126bbaa3fdb502f9355c53b,True
/content/genimage_sample/biggan/raw/imagenet_ai_0419_biggan/train/ai/428_biggan_00180.png,128,128,PNG,RGB,0.03345012664794922,True,5fc15c9bdf5adf00e2acee6cc9bfc6be,True
/content/genimage_sample/biggan/raw/imagenet_ai_0419_biggan/train/ai/485_biggan_00190.png,128,128,PNG,RGB,0.029794692993164062,True,e50102f5330c85de3bbf2540c23aebe6,True
/content/genimage_sample/biggan/raw/imagenet_ai_0419_biggan/train/ai/121_biggan_00150.png,128,128,PNG,RGB,0.029764175415039062,True,002b4dad1f6e5ba6c3723a532b1e1f01,True
/content/genimage_sample/biggan/raw/imagenet_ai_0419_biggan/train/ai/511_biggan_00185.png,128,128,PNG,RGB,0.022289276123046875,True,5f7662019affb27b64c7d29c9b6098a8,True
/content/genimage_sample/biggan/raw/imagenet_ai_0419_biggan/train/ai/445_biggan_00008.png,128,128,PNG,RGB,0.028962135314941406,True,a4ee5894bcbee98ddb9e94580ea0843c,True
/content/genimage_sample/biggan/raw/imagenet_ai_0419_biggan/train/ai/614_biggan_00004.png,128,128,PNG,RGB,0.03149890899658203,True,32541561c47612158206f68ee2ce2d89,True
/content/genimage_sample/biggan/raw/imagenet_ai_0419_biggan/train/ai/559_biggan_00076.png,128,128,PNG,RGB,0.033016204833984375,True,6de0b49465dc97bb2b2b4331e5a320dd,True
/content/genimage_sample/biggan/raw/imagenet_ai_0419_biggan/train/ai/205_biggan_00190.png,128,128,PNG,RGB,0.02879810333251953,True,c81021a00110c711b7577b0cde661c2f,True
/content/genimage_sample/biggan/raw/imagenet_ai_0419_biggan/train/ai/491_biggan_00142.png,128,128,PNG,RGB,0.03414726257324219,True,b727572af74e61aa0d5d60368d6f2357,True
/content/genimage_sample/biggan/raw/imagenet_ai_0419_biggan/train/ai/129_biggan_00023.png,128,128,PNG,RGB,0.031708717346191406,True,4672cb04d46c301e7489c70557a21aa4,True
/content/genimage_sample/biggan/raw/imagenet_ai_0419_biggan/train/ai/127_biggan_00087.png,128,128,PNG,RGB,0.01894378662109375,True,005ad4f6d0989ff9a11bbcb72c43f797,True
/content/genimage_sample/biggan/raw/imagenet_ai_0419_biggan/train/ai/944_biggan_00053.png,128,128,PNG,RGB,0.03413200378417969,True,50049533be2a3388b84b941847f664b3,True
/content/genimage_sample/biggan/raw/imagenet_ai_0419_biggan/train/ai/147_biggan_00022.png,128,128,PNG,RGB,0.03070068359375,True,ef3fca55fc361485a43963610e668806,True
/content/genimage_sample/biggan/raw/imagenet_ai_0419_biggan/train/ai/044_biggan_00131.png,128,128,PNG,RGB,0.026458740234375,True,d0b54680c47545747841514d16dd560a,True
/content/genimage_sample/biggan/raw/imagenet_ai_0419_biggan/train/ai/214_biggan_00021.png,128,128,PNG,RGB,0.03304290771484375,True,460b35e4e00d8a85efffe6f562eadef6,True
/content/genimage_sample/biggan/raw/imagenet_ai_0419_biggan/train/ai/824_biggan_00101.png,128,128,PNG,RGB,0.03525543212890625,True,611a923087e478964db981bdcf825981,True
/content/genimage_sample/biggan/raw/imagenet_ai_0419_biggan/train/ai/307_biggan_00058.png,128,128,PNG,RGB,0.03667736053466797,True,9a22e10568bf7b3c5672be365595488c,True
/content/genimage_sample/biggan/raw/imagenet_ai_0419_biggan/train/ai/510_biggan_00091.png,128,128,PNG,RGB,0.022066116333007812,True,adeaf9ca3bb9b9550833e6abd316540c,True
/content/genimage_sample/biggan/raw/imagenet_ai_0419_biggan/train/ai/290_biggan_00050.png,128,128,PNG,RGB,0.03856372833251953,True,85d69e07740a6d2ba6295a50efeac5a3,True
/content/genimage_sample/biggan/raw/imagenet_ai_0419_biggan/train/ai/251_biggan_00107.png,128,128,PNG,RGB,0.03583526611328125,True,aef0962b67cf722edd10f69771605bca,True
/content/genimage_sample/biggan/raw/imagenet_ai_0419_biggan/train/ai/771_biggan_00105.png,128,128,PNG,RGB,0.01935863494873047,True,a0b7421b8ae15dcf33870951eb375a46,True
/content/genimage_sample/biggan/raw/imagenet_ai_0419_biggan/train/ai/071_biggan_00068.png,128,128,PNG,RGB,0.03144645690917969,True,a2c04e9802bf5cab9bd7129895476c54,True
/content/genimage_sample/biggan/raw/imagenet_ai_0419_biggan/train/ai/250_biggan_00097.png,128,128,PNG,RGB,0.023906707763671875,True,5c42520e90b9674c54e7f44ef9d8bb0c,True
/content/genimage_sample/biggan/raw/imagenet_ai_0419_biggan/train/ai/342_biggan_00144.png,128,128,PNG,RGB,0.03855705261230469,True,cc389fdd95fc3ce961a570f533c32036,True
/content/genimage_sample/biggan/raw/imagenet_ai_0419_biggan/train/ai/344_biggan_00012.png,128,128,PNG,RGB,0.024778366088867188,True,fcdd77d229cbb25188b58e6179280032,True
/content/genimage_sample/biggan/raw/imagenet_ai_0419_biggan/train/ai/330_biggan_00105.png,128,128,PNG,RGB,0.03525257110595703,True,ea8ee15015eb8839c0ce01e9f7747ff0,True
/content/genimage_sample/biggan/raw/imagenet_ai_0419_biggan/train/ai/321_biggan_00150.png,128,128,PNG,RGB,0.023836135864257812,True,1dbd59d81f835b32c965eeaa574de6d3,True
/content/genimage_sample/biggan/raw/imagenet_ai_0419_biggan/train/ai/778_biggan_00182.png,128,128,PNG,RGB,0.02117633819580078,True,b78baa102e2577a874778aea10c84c86,True
/content/genimage_sample/biggan/raw/imagenet_ai_0419_biggan/train/ai/683_biggan_00026.png,128,128,PNG,RGB,0.02562713623046875,True,cc73779493352d1b5cdacabef2a30083,True
/content/genimage_sample/biggan/raw/imagenet_ai_0419_biggan/train/ai/879_biggan_00004.png,128,128,PNG,RGB,0.019626617431640625,True,4997a189762be952a89edb283664f15f,True
/content/genimage_sample/biggan/raw/imagenet_ai_0419_biggan/train/ai/497_biggan_00120.png,128,128,PNG,RGB,0.029770851135253906,True,98a2cb32d6eb9267be75f84bd0c03b91,True
/content/genimage_sample/biggan/raw/imagenet_ai_0419_biggan/train/ai/172_biggan_00042.png,128,128,PNG,RGB,0.03108501434326172,True,812e029c671478e2380821fe6d33a1d1,True
/content/genimage_sample/biggan/raw/imagenet_ai_0419_biggan/train/ai/837_biggan_00105.png,128,128,PNG,RGB,0.026262283325195312,True,567b36a6458ab23baa361b447b77b921,True
/content/genimage_sample/biggan/raw/imagenet_ai_0419_biggan/train/ai/258_biggan_00175.png,128,128,PNG,RGB,0.02399730682373047,True,311f69e1c4df12186007f827ffee52dd,True
/content/genimage_sample/biggan/raw/imagenet_ai_0419_biggan/train/ai/578_biggan_00198.png,128,128,PNG,RGB,0.021421432495117188,True,18f377fea0744c59fc50ca056bea341c,True
/content/genimage_sample/biggan/raw/imagenet_ai_0419_biggan/train/ai/214_biggan_00067.png,128,128,PNG,RGB,0.033423423767089844,True,24f1c2a2dbb7ea862b11eef312758e44,True
/content/genimage_sample/biggan/raw/imagenet_ai_0419_biggan/train/ai/580_biggan_00177.png,128,128,PNG,RGB,0.03691577911376953,True,de72dff1ee5553f8ff87138f482f14c8,True
/content/genimage_sample/biggan/raw/imagenet_ai_0419_biggan/train/ai/109_biggan_00190.png,128,128,PNG,RGB,0.032050132751464844,True,8b47990037ad2b1cc27b75e75894fe81,True
/content/genimage_sample/biggan/raw/imagenet_ai_0419_biggan/train/ai/568_biggan_00046.png,128,128,PNG,RGB,0.028923988342285156,True,515845bcb07b456a28f94ffcaf469b70,True
/content/genimage_sample/biggan/raw/imagenet_ai_0419_biggan/train/ai/002_biggan_00146.png,128,128,PNG,RGB,0.0154266357421875,True,1948911d046b0bebf862e615a780b759,True
/content/genimage_sample/biggan/raw/imagenet_ai_0419_biggan/train/ai/917_biggan_00157.png,128,128,PNG,RGB,0.035676002502441406,True,ffb4e570f9201db802ed82095149f047,True
/content/genimage_sample/biggan/raw/imagenet_ai_0419_biggan/train/ai/012_biggan_00130.png,128,128,PNG,RGB,0.026719093322753906,True,b61921afa63df2ec824e76d4e7f2d860,True
/content/genimage_sample/biggan/raw/imagenet_ai_0419_biggan/train/ai/901_biggan_00051.png,128,128,PNG,RGB,0.02621173858642578,True,443b5054404e54a86072fa7992cdad5d,True
/content/genimage_sample/biggan/raw/imagenet_ai_0419_biggan/train/ai/810_biggan_00006.png,128,128,PNG,RGB,0.031126976013183594,True,09f67c41cf585ce9bb6cd6f7a367bfb9,True
/content/genimage_sample/biggan/raw/imagenet_ai_0419_biggan/train/ai/223_biggan_00167.png,128,128,PNG,RGB,0.035981178283691406,True,0d661a43b9b7b0b7afa082d3f90cedf7,True
/content/genimage_sample/biggan/raw/imagenet_ai_0419_biggan/train/ai/427_biggan_00036.png,128,128,PNG,RGB,0.032423973083496094,True,3167eb23a72961da22a9b93e4dee5bd8,True
/content/genimage_sample/biggan/raw/imagenet_ai_0419_biggan/train/ai/436_biggan_00163.png,128,128,PNG,RGB,0.029178619384765625,True,ff38ff0b5a950412f3c2cff331ba5127,True
/content/genimage_sample/biggan/raw/imagenet_ai_0419_biggan/train/ai/158_biggan_00086.png,128,128,PNG,RGB,0.025656700134277344,True,6b09cce8c74c64c39bb8e33909a7b18a,True
/content/genimage_sample/biggan/raw/imagenet_ai_0419_biggan/train/ai/597_biggan_00089.png,128,128,PNG,RGB,0.030364036560058594,True,ec19928d4fcd5c48ef07f1283b46ac73,True
/content/genimage_sample/biggan/raw/imagenet_ai_0419_biggan/train/ai/352_biggan_00056.png,128,128,PNG,RGB,0.032047271728515625,True,379122a134a214f5f9de5c25c0ba64b4,True
/content/genimage_sample/biggan/raw/imagenet_ai_0419_biggan/train/ai/450_biggan_00123.png,128,128,PNG,RGB,0.028162002563476562,True,7632e148ae456e4191a4db4f5b3bc177,True
/content/genimage_sample/biggan/raw/imagenet_ai_0419_biggan/train/ai/383_biggan_00016.png,128,128,PNG,RGB,0.028417587280273438,True,fe303b65bf94190eceeeac6dba70d7ab,True
/content/genimage_sample/biggan/raw/imagenet_ai_0419_biggan/train/ai/177_biggan_00085.png,128,128,PNG,RGB,0.028249740600585938,True,6693836d029fd9bcb018a8b8d2bc2088,True
/content/genimage_sample/biggan/raw/imagenet_ai_0419_biggan/train/ai/507_biggan_00093.png,128,128,PNG,RGB,0.031122207641601562,True,a5c804fcea73f49684992e12aa6fbfa1,True
/content/genimage_sample/biggan/raw/imagenet_ai_0419_biggan/train/ai/484_biggan_00088.png,128,128,PNG,RGB,0.02210521697998047,True,865022d42e76999d347e3f46756ddd5b,True
/content/genimage_sample/biggan/raw/imagenet_ai_0419_biggan/train/ai/359_biggan_00184.png,128,128,PNG,RGB,0.030218124389648438,True,4e20eae9cfa33193accf4d58df3a43df,True
/content/genimage_sample/biggan/raw/imagenet_ai_0419_biggan/train/ai/095_biggan_00055.png,128,128,PNG,RGB,0.026574134826660156,True,2415b99c88fcbe36ae470407581a72e4,True
/content/genimage_sample/biggan/raw/imagenet_ai_0419_biggan/train/ai/250_biggan_00018.png,128,128,PNG,RGB,0.031241416931152344,True,7ad4334f82894019e430f0f72660ad45,True
/content/genimage_sample/biggan/raw/imagenet_ai_0419_biggan/train/ai/741_biggan_00115.png,128,128,PNG,RGB,0.03608894348144531,True,082f1a988d45eeaf2db2c82ee0384d84,True
/content/genimage_sample/biggan/raw/imagenet_ai_0419_biggan/train/ai/082_biggan_00044.png,128,128,PNG,RGB,0.031632423400878906,True,cc56867947b391dca8a166bb1a3aa6a5,True
/content/genimage_sample/biggan/raw/imagenet_ai_0419_biggan/train/ai/426_biggan_00045.png,128,128,PNG,RGB,0.026482582092285156,True,d86313ab3d4e7f105437198bbccde194,True
/content/genimage_sample/biggan/raw/imagenet_ai_0419_biggan/train/ai/061_biggan_00179.png,128,128,PNG,RGB,0.031937599182128906,True,083d39aa6b2b2622cb06517d840c0dd5,True
/content/genimage_sample/biggan/raw/imagenet_ai_0419_biggan/train/ai/067_biggan_00137.png,128,128,PNG,RGB,0.03160285949707031,True,417e372ffdeaa2967dd99627edaed12d,True
/content/genimage_sample/biggan/raw/imagenet_ai_0419_biggan/train/ai/524_biggan_00148.png,128,128,PNG,RGB,0.018945693969726562,True,e9db595596ac14affaecd9a7aa934090,True
/content/genimage_sample/biggan/raw/imagenet_ai_0419_biggan/train/ai/092_biggan_00101.png,128,128,PNG,RGB,0.023116111755371094,True,6d973034d1b881ad2a6aea4051842030,True
/content/genimage_sample/biggan/raw/imagenet_ai_0419_biggan/train/ai/431_biggan_00153.png,128,128,PNG,RGB,0.02632427215576172,True,2c5159aa19e0fde88e1487005e4996e4,True
/content/genimage_sample/biggan/raw/imagenet_ai_0419_biggan/train/ai/211_biggan_00155.png,128,128,PNG,RGB,0.03162574768066406,True,d547100d46ef4f791c1cd22e90b20aa0,True
/content/genimage_sample/biggan/raw/imagenet_ai_0419_biggan/train/ai/201_biggan_00131.png,128,128,PNG,RGB,0.03273487091064453,True,05200271ad8b91b805d8917c2064d6dc,True
/content/genimage_sample/biggan/raw/imagenet_ai_0419_biggan/train/ai/889_biggan_00134.png,128,128,PNG,RGB,0.02650737762451172,True,226f2a4b82c66a369bc96cc44a4207bd,True
/content/genimage_sample/biggan/raw/imagenet_ai_0419_biggan/train/ai/622_biggan_00122.png,128,128,PNG,RGB,0.02034473419189453,True,abe6b2a9a0d3d444c99d8d621132a94e,True
/content/genimage_sample/biggan/raw/imagenet_ai_0419_biggan/train/ai/872_biggan_00033.png,128,128,PNG,RGB,0.031571388244628906,True,590c11d3c2d2a3a2ec461bef78005a37,True
/content/genimage_sample/biggan/raw/imagenet_ai_0419_biggan/train/ai/181_biggan_00006.png,128,128,PNG,RGB,0.026314735412597656,True,10b1e3b04912bb4a51e9c73ce06fbac5,True
/content/genimage_sample/biggan/raw/imagenet_ai_0419_biggan/train/ai/404_biggan_00049.png,128,128,PNG,RGB,0.02670764923095703,True,78d9de71cbea340fcec2b9b10c7e5994,True
/content/genimage_sample/biggan/raw/imagenet_ai_0419_biggan/train/ai/093_biggan_00145.png,128,128,PNG,RGB,0.036093711853027344,True,1bddcd4a71f4d905726552c1fb356a3e,True
/content/genimage_sample/biggan/raw/imagenet_ai_0419_biggan/train/ai/962_biggan_00172.png,128,128,PNG,RGB,0.031569480895996094,True,ca0bd78ebf4407b9f1aebf50d720fd15,True
/content/genimage_sample/biggan/raw/imagenet_ai_0419_biggan/train/ai/714_biggan_00189.png,128,128,PNG,RGB,0.019266128540039062,True,fd37dc4e0756073546e636bc482d4a28,True
/content/genimage_sample/biggan/raw/imagenet_ai_0419_biggan/train/ai/247_biggan_00064.png,128,128,PNG,RGB,0.025956153869628906,True,05cf5f5872a4c891868e1097f5b8e709,True
/content/genimage_sample/biggan/raw/imagenet_ai_0419_biggan/train/ai/821_biggan_00150.png,128,128,PNG,RGB,0.03133106231689453,True,2123cddf3dd274b3f9576e1e1defab28,True
/content/genimage_sample/biggan/raw/imagenet_ai_0419_biggan/train/ai/739_biggan_00172.png,128,128,PNG,RGB,0.029813766479492188,True,963fad98033d72829519b1da9f994162,True
/content/genimage_sample/biggan/raw/imagenet_ai_0419_biggan/train/ai/896_biggan_00068.png,128,128,PNG,RGB,0.015775680541992188,True,d577e7e4436d4ab21a13bb0fd73daf26,True
/content/genimage_sample/biggan/raw/imagenet_ai_0419_biggan/train/ai/869_biggan_00193.png,128,128,PNG,RGB,0.027151107788085938,True,ebf1f11b6a4a2f0341c28ef2f6951beb,True
/content/genimage_sample/biggan/raw/imagenet_ai_0419_biggan/train/ai/031_biggan_00103.png,128,128,PNG,RGB,0.028106689453125,True,674f67727607797a2849dd53a1f93d8b,True
/content/genimage_sample/biggan/raw/imagenet_ai_0419_biggan/train/ai/175_biggan_00083.png,128,128,PNG,RGB,0.030282020568847656,True,16e786f88795fb03cad658b385b6069c,True
/content/genimage_sample/biggan/raw/imagenet_ai_0419_biggan/train/ai/261_biggan_00083.png,128,128,PNG,RGB,0.03087139129638672,True,91fac5d3feeb613bd16726870f699ad0,True
/content/genimage_sample/biggan/raw/imagenet_ai_0419_biggan/train/ai/485_biggan_00088.png,128,128,PNG,RGB,0.024025917053222656,True,47d0f3d9dd665ae56b36eee046280441,True
/content/genimage_sample/biggan/raw/imagenet_ai_0419_biggan/train/ai/955_biggan_00104.png,128,128,PNG,RGB,0.036285400390625,True,8a298115ca9ff51d0a2739482febb09b,True
/content/genimage_sample/biggan/raw/imagenet_ai_0419_biggan/train/ai/599_biggan_00002.png,128,128,PNG,RGB,0.03925037384033203,True,aa29d4db5ec523e23b53e8836391dbfd,True
/content/genimage_sample/biggan/raw/imagenet_ai_0419_biggan/train/ai/550_biggan_00091.png,128,128,PNG,RGB,0.021038055419921875,True,44cb2ade3d7afdb22efd546bf4f9136d,True
/content/genimage_sample/biggan/raw/imagenet_ai_0419_biggan/train/ai/363_biggan_00119.png,128,128,PNG,RGB,0.039012908935546875,True,888b1f3c779fd8904d24215c70f9b787,True
/content/genimage_sample/biggan/raw/imagenet_ai_0419_biggan/train/ai/507_biggan_00115.png,128,128,PNG,RGB,0.021486282348632812,True,85cf3865e49d2280a92626aa2ba9d23b,True
/content/genimage_sample/biggan/raw/imagenet_ai_0419_biggan/train/ai/872_biggan_00113.png,128,128,PNG,RGB,0.024796485900878906,True,b14f28dfc958a65ab584170c31bcaeab,True
/content/genimage_sample/biggan/raw/imagenet_ai_0419_biggan/train/ai/269_biggan_00024.png,128,128,PNG,RGB,0.03465461730957031,True,125018f94a7ffd39d2b0a51689ad4165,True
/content/genimage_sample/biggan/raw/imagenet_ai_0419_biggan/train/ai/920_biggan_00180.png,128,128,PNG,RGB,0.022129058837890625,True,94ddfbbfd3eb6560d915586549f193f0,True
/content/genimage_sample/biggan/raw/imagenet_ai_0419_biggan/train/ai/370_biggan_00093.png,128,128,PNG,RGB,0.029160499572753906,True,b64152822665128f6a9797507be1258e,True
/content/genimage_sample/biggan/raw/imagenet_ai_0419_biggan/train/ai/897_biggan_00028.png,128,128,PNG,RGB,0.027147293090820312,True,0498f6034cfbb096ca85faa36c3f991f,True
/content/genimage_sample/biggan/raw/imagenet_ai_0419_biggan/train/ai/118_biggan_00108.png,128,128,PNG,RGB,0.03567314147949219,True,09f80c469366f68f08706b07495cf772,True
/content/genimage_sample/biggan/raw/imagenet_ai_0419_biggan/train/ai/201_biggan_00196.png,128,128,PNG,RGB,0.02692699432373047,True,25de2bc797d41f7e6009eca0e61a9dc5,True
/content/genimage_sample/biggan/raw/imagenet_ai_0419_biggan/train/ai/255_biggan_00054.png,128,128,PNG,RGB,0.035400390625,True,5b7bbee72d1c8a189b038d73e0507757,True
/content/genimage_sample/biggan/raw/imagenet_ai_0419_biggan/train/ai/406_biggan_00165.png,128,128,PNG,RGB,0.033507347106933594,True,089a05bf9bfbd0a0886f33755d6b5858,True
/content/genimage_sample/biggan/raw/imagenet_ai_0419_biggan/train/ai/827_biggan_00113.png,128,128,PNG,RGB,0.025544166564941406,True,06edf67797bb65f57574a5ec9f507745,True
/content/genimage_sample/biggan/raw/imagenet_ai_0419_biggan/train/ai/112_biggan_00067.png,128,128,PNG,RGB,0.03346061706542969,True,30b6beb1791ed01e3c0b897f33e4f9e4,True
/content/genimage_sample/biggan/raw/imagenet_ai_0419_biggan/train/ai/564_biggan_00150.png,128,128,PNG,RGB,0.028598785400390625,True,4edb88768d57be0abf221d9cc377d0b6,True
/content/genimage_sample/biggan/raw/imagenet_ai_0419_biggan/train/ai/725_biggan_00184.png,128,128,PNG,RGB,0.02705097198486328,True,77902e7e33a0b6762e8d74619645d5f1,True
/content/genimage_sample/biggan/raw/imagenet_ai_0419_biggan/train/ai/121_biggan_00193.png,128,128,PNG,RGB,0.03649330139160156,True,56312ce5e70228fc0687685fbe6e2aca,True
/content/genimage_sample/biggan/raw/imagenet_ai_0419_biggan/train/ai/615_biggan_00022.png,128,128,PNG,RGB,0.018594741821289062,True,12d1e7dc9480a8dea8ba1123193f84fe,True
/content/genimage_sample/biggan/raw/imagenet_ai_0419_biggan/train/ai/820_biggan_00121.png,128,128,PNG,RGB,0.030073165893554688,True,4882f849d73c20c299e51ea4ed900e26,True
/content/genimage_sample/biggan/raw/imagenet_ai_0419_biggan/train/ai/945_biggan_00060.png,128,128,PNG,RGB,0.025587081909179688,True,b20ecb8edf4ea5bc35691f77775173f1,True
/content/genimage_sample/biggan/raw/imagenet_ai_0419_biggan/train/ai/765_biggan_00070.png,128,128,PNG,RGB,0.028135299682617188,True,e7fe4deccf0267440358d0e9f1e6cf9c,True
/content/genimage_sample/biggan/raw/imagenet_ai_0419_biggan/train/ai/974_biggan_00036.png,128,128,PNG,RGB,0.02648162841796875,True,c1208e1962f51697e6614df5040c0a18,True
/content/genimage_sample/biggan/raw/imagenet_ai_0419_biggan/train/ai/895_biggan_00046.png,128,128,PNG,RGB,0.020401954650878906,True,df3e9e60d666c4b1bc304ab18dc005da,True
/content/genimage_sample/biggan/raw/imagenet_ai_0419_biggan/train/ai/421_biggan_00189.png,128,128,PNG,RGB,0.02335834503173828,True,ea88d1051e12074bd277ab9e82459ea7,True
/content/genimage_sample/biggan/raw/imagenet_ai_0419_biggan/train/ai/684_biggan_00141.png,128,128,PNG,RGB,0.02109241485595703,True,2a126394d3ab37d0f88ae69cf128ffa6,True
/content/genimage_sample/biggan/raw/imagenet_ai_0419_biggan/train/ai/247_biggan_00063.png,128,128,PNG,RGB,0.03110790252685547,True,1f17cafa214ff4058e765da37e42117c,True
/content/genimage_sample/biggan/raw/imagenet_ai_0419_biggan/train/ai/657_biggan_00021.png,128,128,PNG,RGB,0.029580116271972656,True,55fae9b30ea2d82bc82573efaa23623f,True
/content/genimage_sample/biggan/raw/imagenet_ai_0419_biggan/train/ai/113_biggan_00049.png,128,128,PNG,RGB,0.03336048126220703,True,cd255c102e2e0b68c0dcd39023a356d3,True
/content/genimage_sample/biggan/raw/imagenet_ai_0419_biggan/train/ai/110_biggan_00175.png,128,128,PNG,RGB,0.03325176239013672,True,d2f3c83a420f1221d1611a9f77cd77cb,True
/content/genimage_sample/biggan/raw/imagenet_ai_0419_biggan/train/ai/187_biggan_00028.png,128,128,PNG,RGB,0.034348487854003906,True,3fbbd9666fb2504caea8e6452de6cd75,True
/content/genimage_sample/biggan/raw/imagenet_ai_0419_biggan/train/ai/498_biggan_00162.png,128,128,PNG,RGB,0.02106952667236328,True,4fe109edce1d083b8f34c0585096e419,True
/content/genimage_sample/biggan/raw/imagenet_ai_0419_biggan/train/ai/348_biggan_00083.png,128,128,PNG,RGB,0.03361988067626953,True,c7c9e32417d79b152f31785c78776632,True
/content/genimage_sample/biggan/raw/imagenet_ai_0419_biggan/train/ai/605_biggan_00011.png,128,128,PNG,RGB,0.01906299591064453,True,1391dde8b507e5ee58145684b2064dc6,True
/content/genimage_sample/biggan/raw/imagenet_ai_0419_biggan/train/ai/098_biggan_00016.png,128,128,PNG,RGB,0.021806716918945312,True,3d268f2e473af01a104657a10b31eea7,True
/content/genimage_sample/biggan/raw/imagenet_ai_0419_biggan/train/ai/076_biggan_00051.png,128,128,PNG,RGB,0.03632831573486328,True,c90eb5931cba3ca835b254ec5107c1d5,True
/content/genimage_sample/biggan/raw/imagenet_ai_0419_biggan/train/ai/165_biggan_00078.png,128,128,PNG,RGB,0.032273292541503906,True,ae583f5c36ef8bc199b96868634c9222,True
/content/genimage_sample/biggan/raw/imagenet_ai_0419_biggan/train/ai/163_biggan_00086.png,128,128,PNG,RGB,0.035696983337402344,True,38a615acd70318a4fdfcbec999aef670,True
/content/genimage_sample/biggan/raw/imagenet_ai_0419_biggan/train/ai/386_biggan_00050.png,128,128,PNG,RGB,0.030748367309570312,True,73fdbfd0cbdf66223c74866578451cb6,True
/content/genimage_sample/biggan/raw/imagenet_ai_0419_biggan/train/ai/312_biggan_00103.png,128,128,PNG,RGB,0.027238845825195312,True,b508b13c53c019767d4792bab675f0ee,True
/content/genimage_sample/biggan/raw/imagenet_ai_0419_biggan/train/ai/070_biggan_00062.png,128,128,PNG,RGB,0.03316020965576172,True,6a5dc04693ef33d7c2350fbed8076fe4,True
/content/genimage_sample/biggan/raw/imagenet_ai_0419_biggan/train/ai/180_biggan_00102.png,128,128,PNG,RGB,0.024364471435546875,True,851793bcc943261e7c84cffedec0760e,True
/content/genimage_sample/biggan/raw/imagenet_ai_0419_biggan/train/ai/354_biggan_00178.png,128,128,PNG,RGB,0.02842998504638672,True,dff7d0b405373f7c8c76602a166e1681,True
/content/genimage_sample/biggan/raw/imagenet_ai_0419_biggan/train/ai/914_biggan_00124.png,128,128,PNG,RGB,0.024814605712890625,True,da99e25d7ac01741a8517645a5428d90,True
/content/genimage_sample/biggan/raw/imagenet_ai_0419_biggan/train/ai/613_biggan_00104.png,128,128,PNG,RGB,0.025363922119140625,True,0c0002879e9486be71c7a73d103e9f47,True
/content/genimage_sample/biggan/raw/imagenet_ai_0419_biggan/train/ai/680_biggan_00070.png,128,128,PNG,RGB,0.0231475830078125,True,68e6b27411b5a1d3e8fa6fd40a464b98,True
/content/genimage_sample/biggan/raw/imagenet_ai_0419_biggan/train/ai/401_biggan_00032.png,128,128,PNG,RGB,0.017073631286621094,True,055c24bc21a355c0778ac11b2f7640db,True
/content/genimage_sample/biggan/raw/imagenet_ai_0419_biggan/train/ai/203_biggan_00101.png,128,128,PNG,RGB,0.028349876403808594,True,8a807431ffad839bd41a02a2e4be3100,True
/content/genimage_sample/biggan/raw/imagenet_ai_0419_biggan/train/ai/882_biggan_00171.png,128,128,PNG,RGB,0.026609420776367188,True,9b9e48bce3f8054871f4e1de803fb790,True
/content/genimage_sample/biggan/raw/imagenet_ai_0419_biggan/train/ai/817_biggan_00149.png,128,128,PNG,RGB,0.023215293884277344,True,6f2c2637a582879a0168f99083403099,True
/content/genimage_sample/biggan/raw/imagenet_ai_0419_biggan/train/ai/489_biggan_00105.png,128,128,PNG,RGB,0.038771629333496094,True,a6c7c0ffe1065544836a21430cbd6bbb,True
/content/genimage_sample/biggan/raw/imagenet_ai_0419_biggan/train/ai/899_biggan_00066.png,128,128,PNG,RGB,0.022269248962402344,True,205e0be9b3e19c12e793b0a4fba9f3e1,True
/content/genimage_sample/biggan/raw/imagenet_ai_0419_biggan/train/ai/682_biggan_00148.png,128,128,PNG,RGB,0.020272254943847656,True,b0f758da17fd020096bcaa50a3f8017a,True
/content/genimage_sample/biggan/raw/imagenet_ai_0419_biggan/train/ai/107_biggan_00021.png,128,128,PNG,RGB,0.007405281066894531,True,4c2bf754d550780aca023d493c645878,True
/content/genimage_sample/biggan/raw/imagenet_ai_0419_biggan/train/ai/534_biggan_00063.png,128,128,PNG,RGB,0.02797985076904297,True,cf7d341f4dc06732bc7a9ce4d09fa95d,True
/content/genimage_sample/biggan/raw/imagenet_ai_0419_biggan/train/ai/152_biggan_00124.png,128,128,PNG,RGB,0.02587127685546875,True,0f307476bdadec5eef9ba77f3be39057,True
/content/genimage_sample/biggan/raw/imagenet_ai_0419_biggan/train/ai/644_biggan_00156.png,128,128,PNG,RGB,0.020809173583984375,True,ef42253a2460036f10ae6391969ffd34,True
/content/genimage_sample/biggan/raw/imagenet_ai_0419_biggan/train/ai/225_biggan_00159.png,128,128,PNG,RGB,0.028809547424316406,True,def0580c4406782519f39a94f3c6fbce,True
/content/genimage_sample/biggan/raw/imagenet_ai_0419_biggan/train/ai/432_biggan_00002.png,128,128,PNG,RGB,0.021556854248046875,True,52301b1da56d785e3e282f744e357e08,True
/content/genimage_sample/biggan/raw/imagenet_ai_0419_biggan/train/ai/428_biggan_00007.png,128,128,PNG,RGB,0.03468894958496094,True,cd20ebd86c91dab3d5a070681dfd53cd,True
/content/genimage_sample/biggan/raw/imagenet_ai_0419_biggan/train/ai/376_biggan_00096.png,128,128,PNG,RGB,0.03620338439941406,True,abd102acf327e23f15f04ec95906dbdc,True
/content/genimage_sample/biggan/raw/imagenet_ai_0419_biggan/train/ai/356_biggan_00141.png,128,128,PNG,RGB,0.03728008270263672,True,ab69410027b224abff34b4f729527bf3,True
/content/genimage_sample/biggan/raw/imagenet_ai_0419_biggan/train/ai/678_biggan_00076.png,128,128,PNG,RGB,0.027393341064453125,True,218ca10ad2b4fd2909e38b85c47900dd,True
/content/genimage_sample/biggan/raw/imagenet_ai_0419_biggan/train/ai/527_biggan_00162.png,128,128,PNG,RGB,0.02139568328857422,True,aad201b715268ae1994ab262e393ee86,True
/content/genimage_sample/biggan/raw/imagenet_ai_0419_biggan/train/ai/858_biggan_00045.png,128,128,PNG,RGB,0.03478813171386719,True,935f8bd1c4b0b29d110fad34a6272d8a,True
/content/genimage_sample/biggan/raw/imagenet_ai_0419_biggan/train/ai/217_biggan_00061.png,128,128,PNG,RGB,0.029073715209960938,True,cdbb608d1ef18348e3d00dd4e0bbe769,True
/content/genimage_sample/biggan/raw/imagenet_ai_0419_biggan/train/ai/062_biggan_00131.png,128,128,PNG,RGB,0.03601264953613281,True,c737950c3ab0939b5c3dfe1141ddd084,True
/content/genimage_sample/biggan/raw/imagenet_ai_0419_biggan/train/ai/042_biggan_00185.png,128,128,PNG,RGB,0.02853870391845703,True,6a97a3a92801e21f957eab98adea28f7,True
/content/genimage_sample/biggan/raw/imagenet_ai_0419_biggan/train/ai/524_biggan_00107.png,128,128,PNG,RGB,0.022620201110839844,True,cbf73305f58c20a2af43bd8151b16dc2,True
/content/genimage_sample/biggan/raw/imagenet_ai_0419_biggan/train/ai/807_biggan_00167.png,128,128,PNG,RGB,0.03575420379638672,True,5f015a443ea70c9e503f595c4b87fc3c,True
/content/genimage_sample/biggan/raw/imagenet_ai_0419_biggan/train/ai/114_biggan_00175.png,128,128,PNG,RGB,0.034972190856933594,True,ee8f8b7d82a8b49e4f8f1e9a3bbf32fc,True
/content/genimage_sample/biggan/raw/imagenet_ai_0419_biggan/train/ai/165_biggan_00170.png,128,128,PNG,RGB,0.025369644165039062,True,347a8cf208482ed4a57f047ffd9c6907,True
/content/genimage_sample/biggan/raw/imagenet_ai_0419_biggan/train/ai/742_biggan_00101.png,128,128,PNG,RGB,0.02899646759033203,True,c87e925c2102150ef7149f8ceeddcf06,True
/content/genimage_sample/biggan/raw/imagenet_ai_0419_biggan/train/ai/276_biggan_00183.png,128,128,PNG,RGB,0.026953697204589844,True,8e2ddffac5d462f574ea021224a05679,True
/content/genimage_sample/biggan/raw/imagenet_ai_0419_biggan/train/ai/867_biggan_00160.png,128,128,PNG,RGB,0.023668289184570312,True,c670288898b28b602a9b7114033e9a32,True
/content/genimage_sample/biggan/raw/imagenet_ai_0419_biggan/train/ai/486_biggan_00196.png,128,128,PNG,RGB,0.02723407745361328,True,5a7653da0597bcdae0ed6166815818d9,True
/content/genimage_sample/biggan/raw/imagenet_ai_0419_biggan/train/ai/769_biggan_00017.png,128,128,PNG,RGB,0.015628814697265625,True,b027f243460db5ac39ebc8b7f4a10425,True
/content/genimage_sample/biggan/raw/imagenet_ai_0419_biggan/train/ai/981_biggan_00113.png,128,128,PNG,RGB,0.02812671661376953,True,ec6ac857c0114afe78e90d06d9718ef8,True
/content/genimage_sample/biggan/raw/imagenet_ai_0419_biggan/train/ai/090_biggan_00103.png,128,128,PNG,RGB,0.026525497436523438,True,c5ad886058937df3b23545bb89f94dc1,True
/content/genimage_sample/biggan/raw/imagenet_ai_0419_biggan/train/ai/908_biggan_00043.png,128,128,PNG,RGB,0.023171424865722656,True,746384b38431ab2b212de75923bfc312,True
/content/genimage_sample/biggan/raw/imagenet_ai_0419_biggan/train/ai/761_biggan_00130.png,128,128,PNG,RGB,0.022559165954589844,True,e9f4c881cdd2ae866c4b91e6579b6c2a,True
/content/genimage_sample/biggan/raw/imagenet_ai_0419_biggan/train/ai/300_biggan_00138.png,128,128,PNG,RGB,0.037413597106933594,True,cb39934c62b37ae341394637ce9aaa34,True
/content/genimage_sample/biggan/raw/imagenet_ai_0419_biggan/train/ai/500_biggan_00095.png,128,128,PNG,RGB,0.03492164611816406,True,fe8a9b29b536def53c5a7e00f2483e8b,True
/content/genimage_sample/biggan/raw/imagenet_ai_0419_biggan/train/ai/166_biggan_00067.png,128,128,PNG,RGB,0.033928871154785156,True,172543f7a178b62cb8b3f3948e572401,True
/content/genimage_sample/biggan/raw/imagenet_ai_0419_biggan/train/ai/918_biggan_00016.png,128,128,PNG,RGB,0.02872180938720703,True,e56572c9df234d380f633d4429bd420c,True
/content/genimage_sample/biggan/raw/imagenet_ai_0419_biggan/train/ai/048_biggan_00047.png,128,128,PNG,RGB,0.0330963134765625,True,9906dd938055f547859b8e669fe4470a,True
/content/genimage_sample/biggan/raw/imagenet_ai_0419_biggan/train/ai/281_biggan_00120.png,128,128,PNG,RGB,0.033638954162597656,True,77dacbdae4d91af04c65b54abbda22f3,True
/content/genimage_sample/biggan/raw/imagenet_ai_0419_biggan/train/ai/964_biggan_00052.png,128,128,PNG,RGB,0.028676986694335938,True,4039fc42f310d9b156f38809fb0fd99b,True
/content/genimage_sample/biggan/raw/imagenet_ai_0419_biggan/train/ai/422_biggan_00137.png,128,128,PNG,RGB,0.026595115661621094,True,3929a9e1da2f86fb8cf66302994bcf16,True
/content/genimage_sample/biggan/raw/imagenet_ai_0419_biggan/train/ai/631_biggan_00153.png,128,128,PNG,RGB,0.02616405487060547,True,4d2b4ec9ea005bcb977576c22d89d293,True
/content/genimage_sample/biggan/raw/imagenet_ai_0419_biggan/train/ai/892_biggan_00141.png,128,128,PNG,RGB,0.02811145782470703,True,1f7d781a97e787528ecd4741a72d8872,True
/content/genimage_sample/biggan/raw/imagenet_ai_0419_biggan/train/ai/117_biggan_00077.png,128,128,PNG,RGB,0.02621936798095703,True,599b204b8f7406996fafaa86aafb9d54,True
/content/genimage_sample/biggan/raw/imagenet_ai_0419_biggan/train/ai/396_biggan_00056.png,128,128,PNG,RGB,0.028814315795898438,True,f5a4b705b56ff04302eb4d165cf9699f,True
/content/genimage_sample/biggan/raw/imagenet_ai_0419_biggan/train/ai/996_biggan_00001.png,128,128,PNG,RGB,0.037789344787597656,True,8bafc042e9ec3b81b8c91998e588e8f6,True
/content/genimage_sample/biggan/raw/imagenet_ai_0419_biggan/train/ai/706_biggan_00034.png,128,128,PNG,RGB,0.02791881561279297,True,665d41e34a9db2fbe60c326b78c2a3e7,True
/content/genimage_sample/biggan/raw/imagenet_ai_0419_biggan/train/ai/353_biggan_00157.png,128,128,PNG,RGB,0.029438018798828125,True,5beedc1fe97cca168a766267da5c8078,True
/content/genimage_sample/biggan/raw/imagenet_ai_0419_biggan/train/ai/402_biggan_00073.png,128,128,PNG,RGB,0.028661727905273438,True,c75ebb005b1e80d2a23c624e83414642,True
/content/genimage_sample/biggan/raw/imagenet_ai_0419_biggan/train/ai/176_biggan_00162.png,128,128,PNG,RGB,0.03185558319091797,True,e4f89c29621946e72d7c157696d39211,True
/content/genimage_sample/biggan/raw/imagenet_ai_0419_biggan/train/ai/450_biggan_00165.png,128,128,PNG,RGB,0.020015716552734375,True,209e828099903e5c4e9132d603c074a0,True
/content/genimage_sample/biggan/raw/imagenet_ai_0419_biggan/train/ai/939_biggan_00098.png,128,128,PNG,RGB,0.03166389465332031,True,0c5b6e81afd05ece25f5ffc57906cee6,True
/content/genimage_sample/biggan/raw/imagenet_ai_0419_biggan/train/ai/138_biggan_00119.png,128,128,PNG,RGB,0.03347015380859375,True,ac3f95e57059787f4f5492c1b91a0229,True
/content/genimage_sample/biggan/raw/imagenet_ai_0419_biggan/train/ai/156_biggan_00169.png,128,128,PNG,RGB,0.03215980529785156,True,7abaece3cab5d90b9e7a65a0d2797cf2,True
/content/genimage_sample/biggan/raw/imagenet_ai_0419_biggan/train/ai/697_biggan_00103.png,128,128,PNG,RGB,0.029526710510253906,True,b905567a6130771fa1ac7e96bf06ab93,True
/content/genimage_sample/biggan/raw/imagenet_ai_0419_biggan/train/ai/841_biggan_00063.png,128,128,PNG,RGB,0.01930713653564453,True,4513afd93f7d5d8cb94f7a38338d707c,True
/content/genimage_sample/biggan/raw/imagenet_ai_0419_biggan/train/ai/867_biggan_00137.png,128,128,PNG,RGB,0.024587631225585938,True,17c8744b2f46ac55e461ecc9d579e22e,True
/content/genimage_sample/biggan/raw/imagenet_ai_0419_biggan/train/ai/428_biggan_00122.png,128,128,PNG,RGB,0.041184425354003906,True,610685277821855543bd56e992d69a7b,True
/content/genimage_sample/biggan/raw/imagenet_ai_0419_biggan/train/ai/853_biggan_00172.png,128,128,PNG,RGB,0.033522605895996094,True,30acfa387ae1d7fd7f673b9a694402a4,True
/content/genimage_sample/biggan/raw/imagenet_ai_0419_biggan/train/ai/480_biggan_00026.png,128,128,PNG,RGB,0.026841163635253906,True,4e123bd225b8c8a9c7b44a770ea8f6ac,True
/content/genimage_sample/biggan/raw/imagenet_ai_0419_biggan/train/ai/081_biggan_00030.png,128,128,PNG,RGB,0.037926673889160156,True,a2de54d4888ea9c0011c39c04b9847ca,True
/content/genimage_sample/biggan/raw/imagenet_ai_0419_biggan/train/ai/258_biggan_00070.png,128,128,PNG,RGB,0.019634246826171875,True,dd2fed29cbc9b6203729a56e76248e32,True
/content/genimage_sample/biggan/raw/imagenet_ai_0419_biggan/train/ai/368_biggan_00155.png,128,128,PNG,RGB,0.03765296936035156,True,3487523bf969a7cce8b85b371ed5639c,True
/content/genimage_sample/biggan/raw/imagenet_ai_0419_biggan/train/ai/640_biggan_00044.png,128,128,PNG,RGB,0.037245750427246094,True,f2f8c0728a6fd98bf9b73bd9cacf9d2f,True
/content/genimage_sample/biggan/raw/imagenet_ai_0419_biggan/train/ai/764_biggan_00171.png,128,128,PNG,RGB,0.020124435424804688,True,6d8f4c2774cbcb05c93c13e6c920ccda,True
/content/genimage_sample/biggan/raw/imagenet_ai_0419_biggan/train/ai/382_biggan_00101.png,128,128,PNG,RGB,0.038532257080078125,True,a98106a37778fa86f6d618aaeb558a4b,True
/content/genimage_sample/biggan/raw/imagenet_ai_0419_biggan/train/ai/401_biggan_00114.png,128,128,PNG,RGB,0.032729148864746094,True,e44da0ccca90f12205ee055d183bdb23,True
/content/genimage_sample/biggan/raw/imagenet_ai_0419_biggan/train/ai/705_biggan_00121.png,128,128,PNG,RGB,0.02976226806640625,True,26deffbd748ccbbf4afa2ea785816fe2,True
/content/genimage_sample/biggan/raw/imagenet_ai_0419_biggan/train/ai/005_biggan_00052.png,128,128,PNG,RGB,0.03358745574951172,True,8e1a1564fec7be9808c9c7d8b4ca7f5f,True
/content/genimage_sample/biggan/raw/imagenet_ai_0419_biggan/train/ai/450_biggan_00145.png,128,128,PNG,RGB,0.026526451110839844,True,00376fab6beab11c173550fb1b0703f2,True
/content/genimage_sample/biggan/raw/imagenet_ai_0419_biggan/train/ai/623_biggan_00062.png,128,128,PNG,RGB,0.020114898681640625,True,ce97f74372bd76f53d775ab9b47a785b,True
/content/genimage_sample/biggan/raw/imagenet_ai_0419_biggan/train/ai/862_biggan_00001.png,128,128,PNG,RGB,0.02810382843017578,True,6f4247fea52df9a60db13337dc429b5e,True
/content/genimage_sample/biggan/raw/imagenet_ai_0419_biggan/train/ai/339_biggan_00004.png,128,128,PNG,RGB,0.03334617614746094,True,7e7dd2c8eab3b783b478b5316785d293,True
/content/genimage_sample/biggan/raw/imagenet_ai_0419_biggan/train/ai/703_biggan_00105.png,128,128,PNG,RGB,0.03152656555175781,True,54cb078245c11b1375dbc4e18b70f897,True
/content/genimage_sample/biggan/raw/imagenet_ai_0419_biggan/train/ai/241_biggan_00043.png,128,128,PNG,RGB,0.03332328796386719,True,e7d7011edfc7650fefe173b628382d25,True
/content/genimage_sample/biggan/raw/imagenet_ai_0419_biggan/train/ai/613_biggan_00051.png,128,128,PNG,RGB,0.02517223358154297,True,ac91d22783a9d5880a814d686e04e9f9,True
/content/genimage_sample/biggan/raw/imagenet_ai_0419_biggan/train/ai/734_biggan_00044.png,128,128,PNG,RGB,0.026348114013671875,True,36c5a460de7e4240eeb969769ff1d046,True
/content/genimage_sample/biggan/raw/imagenet_ai_0419_biggan/train/ai/733_biggan_00138.png,128,128,PNG,RGB,0.01748180389404297,True,bed227e7d283fe002ff0ededb9be5199,True
/content/genimage_sample/biggan/raw/imagenet_ai_0419_biggan/train/ai/965_biggan_00018.png,128,128,PNG,RGB,0.034317970275878906,True,5e3918c50bfb5ed2d04175787238eeaf,True
/content/genimage_sample/biggan/raw/imagenet_ai_0419_biggan/train/ai/730_biggan_00115.png,128,128,PNG,RGB,0.03308296203613281,True,6b229cb0c281c01c459ea80b23dcfd47,True
/content/genimage_sample/biggan/raw/imagenet_ai_0419_biggan/train/ai/790_biggan_00105.png,128,128,PNG,RGB,0.02499866485595703,True,40022a36d74d5e9b27277f2ca2722828,True
/content/genimage_sample/biggan/raw/imagenet_ai_0419_biggan/train/ai/360_biggan_00145.png,128,128,PNG,RGB,0.024690628051757812,True,9ee18856b5ef109b8056c0937d171392,True
/content/genimage_sample/biggan/raw/imagenet_ai_0419_biggan/train/ai/393_biggan_00046.png,128,128,PNG,RGB,0.03567314147949219,True,e983a4a8f3dbfffdae9e315098908c4d,True
/content/genimage_sample/biggan/raw/imagenet_ai_0419_biggan/train/ai/094_biggan_00175.png,128,128,PNG,RGB,0.02348804473876953,True,4a6db5a720768be315426c53027e3a59,True
/content/genimage_sample/biggan/raw/imagenet_ai_0419_biggan/train/ai/859_biggan_00089.png,128,128,PNG,RGB,0.0158843994140625,True,0027fcf6675974fd2efe61eb63322f15,True
/content/genimage_sample/biggan/raw/imagenet_ai_0419_biggan/train/ai/329_biggan_00089.png,128,128,PNG,RGB,0.03457450866699219,True,f4e2a739ff1de14b625db67e108ecefb,True
/content/genimage_sample/biggan/raw/imagenet_ai_0419_biggan/train/ai/556_biggan_00114.png,128,128,PNG,RGB,0.02562999725341797,True,7fd234109f79b676cf5e3b598176cecd,True
/content/genimage_sample/biggan/raw/imagenet_ai_0419_biggan/train/ai/743_biggan_00085.png,128,128,PNG,RGB,0.026694297790527344,True,3fa8490a29dd50d7d73492b6cef37925,True
/content/genimage_sample/biggan/raw/imagenet_ai_0419_biggan/train/ai/932_biggan_00082.png,128,128,PNG,RGB,0.031337738037109375,True,67a4549a6122930e466777cc70f06413,True
/content/genimage_sample/biggan/raw/imagenet_ai_0419_biggan/train/ai/685_biggan_00084.png,128,128,PNG,RGB,0.025754928588867188,True,342b369e8c964c557792c6d76c9c6562,True
/content/genimage_sample/biggan/raw/imagenet_ai_0419_biggan/train/ai/395_biggan_00059.png,128,128,PNG,RGB,0.03224468231201172,True,f866a813e83ee8e486a1c47a619c1481,True
/content/genimage_sample/biggan/raw/imagenet_ai_0419_biggan/train/ai/511_biggan_00123.png,128,128,PNG,RGB,0.02800273895263672,True,380f21a7bcf206d2ffc30303bd61e1f1,True
/content/genimage_sample/biggan/raw/imagenet_ai_0419_biggan/train/ai/311_biggan_00033.png,128,128,PNG,RGB,0.023835182189941406,True,696401e72d62f2ad5ed12b4d7042c372,True
/content/genimage_sample/biggan/raw/imagenet_ai_0419_biggan/train/ai/874_biggan_00152.png,128,128,PNG,RGB,0.02971649169921875,True,7665b2dcc0b8c2fe495928884fff5b2c,True
/content/genimage_sample/biggan/raw/imagenet_ai_0419_biggan/train/ai/074_biggan_00032.png,128,128,PNG,RGB,0.02671527862548828,True,8dc65bc3e1bba34d20fc04f60a0dae2d,True
/content/genimage_sample/biggan/raw/imagenet_ai_0419_biggan/train/ai/325_biggan_00098.png,128,128,PNG,RGB,0.02222442626953125,True,b03eb5519104ca5b36b10f5b6172e6b9,True
/content/genimage_sample/biggan/raw/imagenet_ai_0419_biggan/train/ai/845_biggan_00187.png,128,128,PNG,RGB,0.02375030517578125,True,3a4e20f80f6514bfd67ac00e18f89b3c,True
/content/genimage_sample/biggan/raw/imagenet_ai_0419_biggan/train/ai/709_biggan_00011.png,128,128,PNG,RGB,0.026223182678222656,True,fc26a42810cac131a01e4857edc7a1e4,True
/content/genimage_sample/biggan/raw/imagenet_ai_0419_biggan/train/ai/744_biggan_00169.png,128,128,PNG,RGB,0.01831531524658203,True,f45d2b971e263727af9c7cd710f1e9f0,True
/content/genimage_sample/biggan/raw/imagenet_ai_0419_biggan/train/ai/908_biggan_00078.png,128,128,PNG,RGB,0.020547866821289062,True,65ee160d950e707977a4de710dc2ea75,True
/content/genimage_sample/biggan/raw/imagenet_ai_0419_biggan/train/ai/011_biggan_00126.png,128,128,PNG,RGB,0.03484535217285156,True,f5e25970e62a4d18480a6301b11c0d81,True
/content/genimage_sample/biggan/raw/imagenet_ai_0419_biggan/train/ai/468_biggan_00057.png,128,128,PNG,RGB,0.030328750610351562,True,f21d58d47d55cf0efb34412f553c6024,True
/content/genimage_sample/biggan/raw/imagenet_ai_0419_biggan/train/ai/403_biggan_00155.png,128,128,PNG,RGB,0.023241043090820312,True,e75132c1e1fd2d6ea011e1ed6fd25d86,True
/content/genimage_sample/biggan/raw/imagenet_ai_0419_biggan/train/ai/508_biggan_00081.png,128,128,PNG,RGB,0.01953887939453125,True,116adcf28a39e11741d81b6b0953a3aa,True
/content/genimage_sample/biggan/raw/imagenet_ai_0419_biggan/train/ai/262_biggan_00187.png,128,128,PNG,RGB,0.02975177764892578,True,53e23ada3ab7ff8dd9012a4b523d4906,True
/content/genimage_sample/biggan/raw/imagenet_ai_0419_biggan/train/ai/159_biggan_00053.png,128,128,PNG,RGB,0.02318859100341797,True,e8504daf0af2d0b2a5fdd820f40dea0d,True
/content/genimage_sample/biggan/raw/imagenet_ai_0419_biggan/train/ai/651_biggan_00102.png,128,128,PNG,RGB,0.018385887145996094,True,95049e6d701dbeda795fdad8028faabe,True
/content/genimage_sample/biggan/raw/imagenet_ai_0419_biggan/train/ai/225_biggan_00186.png,128,128,PNG,RGB,0.026696205139160156,True,8317549315e4d4b6f8dc1dc7176e7d8a,True
/content/genimage_sample/biggan/raw/imagenet_ai_0419_biggan/train/ai/207_biggan_00152.png,128,128,PNG,RGB,0.026393890380859375,True,f6b0d3d97c26cd0286804f9450437e06,True
/content/genimage_sample/biggan/raw/imagenet_ai_0419_biggan/train/ai/619_biggan_00004.png,128,128,PNG,RGB,0.02072429656982422,True,6665e1659763b21e15a9dc10184bfdd4,True
/content/genimage_sample/biggan/raw/imagenet_ai_0419_biggan/train/ai/267_biggan_00045.png,128,128,PNG,RGB,0.03334522247314453,True,e8bf27713ec785d70d76dbfb949febfd,True
/content/genimage_sample/biggan/raw/imagenet_ai_0419_biggan/train/ai/666_biggan_00048.png,128,128,PNG,RGB,0.02205181121826172,True,8daa8b1b9ea60447e5efe8a73a5935c2,True
/content/genimage_sample/biggan/raw/imagenet_ai_0419_biggan/train/ai/585_biggan_00154.png,128,128,PNG,RGB,0.021869659423828125,True,1d01412397c176f6b357a23cccf9a092,True
/content/genimage_sample/biggan/raw/imagenet_ai_0419_biggan/train/ai/934_biggan_00053.png,128,128,PNG,RGB,0.031516075134277344,True,73dcb1acd94270dd6620c0586f28c631,True
/content/genimage_sample/biggan/raw/imagenet_ai_0419_biggan/train/ai/239_biggan_00126.png,128,128,PNG,RGB,0.02959728240966797,True,c913d7c50ff2fdc7980780f81b59b3b5,True
/content/genimage_sample/biggan/raw/imagenet_ai_0419_biggan/train/ai/590_biggan_00013.png,128,128,PNG,RGB,0.02222919464111328,True,342c583d39c1f4bfbca48ce80a65c8ba,True
/content/genimage_sample/biggan/raw/imagenet_ai_0419_biggan/train/ai/649_biggan_00032.png,128,128,PNG,RGB,0.026065826416015625,True,753067ef3f5058f876e056cbb0836fb9,True
/content/genimage_sample/biggan/raw/imagenet_ai_0419_biggan/train/ai/368_biggan_00058.png,128,128,PNG,RGB,0.04015064239501953,True,97783448508d861dd2dfc72d2fbdd0b8,True
/content/genimage_sample/biggan/raw/imagenet_ai_0419_biggan/train/ai/389_biggan_00154.png,128,128,PNG,RGB,0.030854225158691406,True,c67ca113fcfbb7e0bac56a49f313c12a,True
/content/genimage_sample/biggan/raw/imagenet_ai_0419_biggan/train/ai/429_biggan_00113.png,128,128,PNG,RGB,0.024900436401367188,True,639dd8f46b09a3c36917c500edeb67de,True
/content/genimage_sample/biggan/raw/imagenet_ai_0419_biggan/train/ai/951_biggan_00193.png,128,128,PNG,RGB,0.024038314819335938,True,9c425c422704c24d237677eaadb97b47,True
/content/genimage_sample/biggan/raw/imagenet_ai_0419_biggan/train/ai/685_biggan_00083.png,128,128,PNG,RGB,0.02619457244873047,True,dee6a415a1182b947829af7865606f9c,True
/content/genimage_sample/biggan/raw/imagenet_ai_0419_biggan/train/ai/585_biggan_00042.png,128,128,PNG,RGB,0.01348114013671875,True,db5decc9004ab8e3f3fb72d68ae1b511,True
/content/genimage_sample/biggan/raw/imagenet_ai_0419_biggan/train/ai/682_biggan_00134.png,128,128,PNG,RGB,0.016959190368652344,True,5bb4a075b19c048fbcadfa25c4b1610e,True
/content/genimage_sample/biggan/raw/imagenet_ai_0419_biggan/train/ai/289_biggan_00017.png,128,128,PNG,RGB,0.03676033020019531,True,7a2ccdd83f83d5be29d19025cc788341,True
/content/genimage_sample/biggan/raw/imagenet_ai_0419_biggan/train/ai/140_biggan_00136.png,128,128,PNG,RGB,0.024842262268066406,True,11d42695bc15a00989f0860c0d2bf104,True
/content/genimage_sample/biggan/raw/imagenet_ai_0419_biggan/train/ai/307_biggan_00115.png,128,128,PNG,RGB,0.02977275848388672,True,4330506da984955c631fc4634266295c,True
/content/genimage_sample/biggan/raw/imagenet_ai_0419_biggan/train/ai/003_biggan_00097.png,128,128,PNG,RGB,0.016384124755859375,True,5a79ba598d2962198414b3848969dee7,True
/content/genimage_sample/biggan/raw/imagenet_ai_0419_biggan/train/ai/882_biggan_00098.png,128,128,PNG,RGB,0.030870437622070312,True,dc74f2cbad425ea40de31ee7da543e15,True
/content/genimage_sample/biggan/raw/imagenet_ai_0419_biggan/train/ai/478_biggan_00084.png,128,128,PNG,RGB,0.018978118896484375,True,dd46aac57e48d52432e7561eeb36d110,True
/content/genimage_sample/biggan/raw/imagenet_ai_0419_biggan/train/ai/255_biggan_00183.png,128,128,PNG,RGB,0.030225753784179688,True,596ae4c90118eafdf14663963c09f87c,True
/content/genimage_sample/biggan/raw/imagenet_ai_0419_biggan/train/ai/785_biggan_00169.png,128,128,PNG,RGB,0.02344799041748047,True,ae688fe125cb7b577ff8d005858d879e,True
/content/genimage_sample/biggan/raw/imagenet_ai_0419_biggan/train/ai/423_biggan_00177.png,128,128,PNG,RGB,0.026014328002929688,True,d3068ad9e3b1fab081a3b19012b819fd,True
/content/genimage_sample/biggan/raw/imagenet_ai_0419_biggan/train/ai/893_biggan_00060.png,128,128,PNG,RGB,0.020343780517578125,True,c36f3e831c7bf9b587e2e81175c8cf1a,True
/content/genimage_sample/biggan/raw/imagenet_ai_0419_biggan/train/ai/717_biggan_00012.png,128,128,PNG,RGB,0.029747962951660156,True,b7a868f95bf0a50b7fbe0149c1b34543,True
/content/genimage_sample/biggan/raw/imagenet_ai_0419_biggan/train/ai/640_biggan_00088.png,128,128,PNG,RGB,0.03800487518310547,True,604d6c324a663e2529f9d58227fc0083,True
/content/genimage_sample/biggan/raw/imagenet_ai_0419_biggan/train/ai/266_biggan_00082.png,128,128,PNG,RGB,0.03171348571777344,True,e31672d37e07a2d1dc99ec699be53f61,True
/content/genimage_sample/biggan/raw/imagenet_ai_0419_biggan/train/ai/038_biggan_00059.png,128,128,PNG,RGB,0.03387451171875,True,243dd41948d4d0a428cc84ff27b2c8f7,True
/content/genimage_sample/biggan/raw/imagenet_ai_0419_biggan/train/ai/531_biggan_00040.png,128,128,PNG,RGB,0.02424144744873047,True,ff2e1b333e4b57525d8c6cc16f218daa,True
/content/genimage_sample/biggan/raw/imagenet_ai_0419_biggan/train/ai/798_biggan_00118.png,128,128,PNG,RGB,0.0270538330078125,True,65b11c8e573a3af939483bc5dfe10ac3,True
/content/genimage_sample/biggan/raw/imagenet_ai_0419_biggan/train/ai/544_biggan_00132.png,128,128,PNG,RGB,0.02902698516845703,True,9a7927ec3a0f44b313359bfcad17e1bb,True
/content/genimage_sample/biggan/raw/imagenet_ai_0419_biggan/train/ai/064_biggan_00062.png,128,128,PNG,RGB,0.035180091857910156,True,d916bcb71c4493f1adf76f21a3643271,True
/content/genimage_sample/biggan/raw/imagenet_ai_0419_biggan/train/ai/370_biggan_00126.png,128,128,PNG,RGB,0.03820610046386719,True,fa8400bf4080608a9d3f6b6aa2a4e99b,True
/content/genimage_sample/biggan/raw/imagenet_ai_0419_biggan/train/ai/396_biggan_00031.png,128,128,PNG,RGB,0.02612590789794922,True,abb555cdbd429ea84862636e8194ddb3,True
/content/genimage_sample/biggan/raw/imagenet_ai_0419_biggan/train/ai/051_biggan_00185.png,128,128,PNG,RGB,0.03094768524169922,True,3ad77e1e249d2833fb6ce72df24a0e62,True
/content/genimage_sample/biggan/raw/imagenet_ai_0419_biggan/train/ai/040_biggan_00094.png,128,128,PNG,RGB,0.03486824035644531,True,c6a3442d5011c63fe6a81d25dcdbbefa,True
/content/genimage_sample/biggan/raw/imagenet_ai_0419_biggan/train/ai/307_biggan_00157.png,128,128,PNG,RGB,0.01970195770263672,True,ed0721782ebe7982ce0faf994ed7361b,True
/content/genimage_sample/biggan/raw/imagenet_ai_0419_biggan/train/ai/015_biggan_00013.png,128,128,PNG,RGB,0.03629589080810547,True,44cd211b303856e051329799b456d5b7,True
/content/genimage_sample/biggan/raw/imagenet_ai_0419_biggan/train/ai/905_biggan_00196.png,128,128,PNG,RGB,0.022042274475097656,True,371007a951caa2e308f1665737207917,True
/content/genimage_sample/biggan/raw/imagenet_ai_0419_biggan/train/ai/433_biggan_00052.png,128,128,PNG,RGB,0.031357765197753906,True,4298be3ded29cab31fd9b2c1fbcfe106,True
/content/genimage_sample/biggan/raw/imagenet_ai_0419_biggan/train/ai/151_biggan_00121.png,128,128,PNG,RGB,0.027655601501464844,True,406b782eb51557fe7a07f1b069e198e6,True
/content/genimage_sample/biggan/raw/imagenet_ai_0419_biggan/train/ai/658_biggan_00138.png,128,128,PNG,RGB,0.028491973876953125,True,ffe5f400185b277b9f9432be1d95c3dd,True
/content/genimage_sample/biggan/raw/imagenet_ai_0419_biggan/train/ai/872_biggan_00160.png,128,128,PNG,RGB,0.0282135009765625,True,f1eafe1cefbcabc73c438442fb01b91e,True
/content/genimage_sample/biggan/raw/imagenet_ai_0419_biggan/train/ai/786_biggan_00083.png,128,128,PNG,RGB,0.020946502685546875,True,8f7cddfd725597b5973a94f4337f9fac,True
/content/genimage_sample/biggan/raw/imagenet_ai_0419_biggan/train/ai/000_biggan_00182.png,128,128,PNG,RGB,0.02985095977783203,True,c09b8d40fa7f328a5df8630f3350fb65,True
/content/genimage_sample/biggan/raw/imagenet_ai_0419_biggan/train/ai/868_biggan_00180.png,128,128,PNG,RGB,0.03135967254638672,True,eb767a1359607283cb47bed13497b31e,True
/content/genimage_sample/biggan/raw/imagenet_ai_0419_biggan/train/ai/254_biggan_00150.png,128,128,PNG,RGB,0.034140586853027344,True,d7f1a46478e62ccce119b0a9eb1f00f4,True
/content/genimage_sample/biggan/raw/imagenet_ai_0419_biggan/train/ai/736_biggan_00057.png,128,128,PNG,RGB,0.011127471923828125,True,6b555a11ccd36a20d15d2eebe9755950,True
/content/genimage_sample/biggan/raw/imagenet_ai_0419_biggan/train/ai/944_biggan_00096.png,128,128,PNG,RGB,0.03391075134277344,True,034236025eb5029eb6a8821a7b3b019f,True
/content/genimage_sample/biggan/raw/imagenet_ai_0419_biggan/train/ai/034_biggan_00007.png,128,128,PNG,RGB,0.028484344482421875,True,ad46fc00a6777248d02ae09a831894f5,True
/content/genimage_sample/biggan/raw/imagenet_ai_0419_biggan/train/ai/051_biggan_00085.png,128,128,PNG,RGB,0.03167915344238281,True,a6279ce0afe6377357abcb53423e80e0,True
/content/genimage_sample/biggan/raw/imagenet_ai_0419_biggan/train/ai/921_biggan_00165.png,128,128,PNG,RGB,0.02660083770751953,True,f6c278abb87f1edd640c8a4f7511dc58,True
/content/genimage_sample/biggan/raw/imagenet_ai_0419_biggan/train/ai/186_biggan_00128.png,128,128,PNG,RGB,0.02919483184814453,True,9c0ef73e60003ee7b2978ec35f49a087,True
/content/genimage_sample/biggan/raw/imagenet_ai_0419_biggan/train/ai/550_biggan_00115.png,128,128,PNG,RGB,0.018268585205078125,True,ca2e86217dcd677f510e1e9087c50886,True
/content/genimage_sample/biggan/raw/imagenet_ai_0419_biggan/train/ai/000_biggan_00130.png,128,128,PNG,RGB,0.031640052795410156,True,606cf702a4e8d143c04eb0f6fdcce4df,True
/content/genimage_sample/biggan/raw/imagenet_ai_0419_biggan/train/ai/534_biggan_00137.png,128,128,PNG,RGB,0.028675079345703125,True,cfe6dd0e020019406ea3738d0b9ad04a,True
/content/genimage_sample/biggan/raw/imagenet_ai_0419_biggan/train/ai/482_biggan_00184.png,128,128,PNG,RGB,0.023286819458007812,True,2bbabb5ba1e96c13fa1f9dfde82178e7,True
/content/genimage_sample/biggan/raw/imagenet_ai_0419_biggan/train/ai/886_biggan_00130.png,128,128,PNG,RGB,0.031554222106933594,True,dab63b26627392ed386e562c541da8d9,True
/content/genimage_sample/biggan/raw/imagenet_ai_0419_biggan/train/ai/907_biggan_00128.png,128,128,PNG,RGB,0.025297164916992188,True,a12f4374241cb365dbedda2b00e7f09d,True
/content/genimage_sample/biggan/raw/imagenet_ai_0419_biggan/train/ai/942_biggan_00119.png,128,128,PNG,RGB,0.023700714111328125,True,057a08abb7d967805811ed55c16be266,True
/content/genimage_sample/biggan/raw/imagenet_ai_0419_biggan/train/ai/180_biggan_00032.png,128,128,PNG,RGB,0.02525806427001953,True,84033c83f6538b7160b4ceff24b22ebc,True
/content/genimage_sample/biggan/raw/imagenet_ai_0419_biggan/train/ai/109_biggan_00012.png,128,128,PNG,RGB,0.037041664123535156,True,6a81b0772b00e94e722da7b62b38386e,True
/content/genimage_sample/biggan/raw/imagenet_ai_0419_biggan/train/ai/112_biggan_00109.png,128,128,PNG,RGB,0.028352737426757812,True,c295eaf74cf55b1764f8c616aa416c69,True
/content/genimage_sample/biggan/raw/imagenet_ai_0419_biggan/train/ai/081_biggan_00171.png,128,128,PNG,RGB,0.032619476318359375,True,97f90ef8104dfe01229cc6a683a9e036,True
/content/genimage_sample/biggan/raw/imagenet_ai_0419_biggan/train/ai/785_biggan_00096.png,128,128,PNG,RGB,0.02570629119873047,True,b15f5fc80220e78ae9d22bad58c9c0cc,True
/content/genimage_sample/biggan/raw/imagenet_ai_0419_biggan/train/ai/660_biggan_00169.png,128,128,PNG,RGB,0.025678634643554688,True,7c039107c0e1117b024098a57e31fdca,True
/content/genimage_sample/biggan/raw/imagenet_ai_0419_biggan/train/ai/952_biggan_00044.png,128,128,PNG,RGB,0.02485179901123047,True,4660400338825bacd5a93d6fc829dfd5,True
/content/genimage_sample/biggan/raw/imagenet_ai_0419_biggan/train/ai/264_biggan_00082.png,128,128,PNG,RGB,0.027525901794433594,True,b4be0fe7ec8733f0b180f6f14dc368c3,True
/content/genimage_sample/biggan/raw/imagenet_ai_0419_biggan/train/ai/574_biggan_00177.png,128,128,PNG,RGB,0.03591156005859375,True,35b99824775e32cdc0e77348d0b422c6,True
/content/genimage_sample/biggan/raw/imagenet_ai_0419_biggan/train/ai/173_biggan_00044.png,128,128,PNG,RGB,0.02836322784423828,True,a97afa12793862e895e4dc3d509a3116,True
/content/genimage_sample/biggan/raw/imagenet_ai_0419_biggan/train/ai/431_biggan_00146.png,128,128,PNG,RGB,0.02720165252685547,True,ee97851ca31466615eb1b915775f2ae6,True
/content/genimage_sample/biggan/raw/imagenet_ai_0419_biggan/train/ai/344_biggan_00182.png,128,128,PNG,RGB,0.028799057006835938,True,ae258f3a09594ae87e0943bf5b8a33a2,True
/content/genimage_sample/biggan/raw/imagenet_ai_0419_biggan/train/ai/149_biggan_00070.png,128,128,PNG,RGB,0.021120071411132812,True,905bf0c9448ee5c9cba1511388e57a10,True
/content/genimage_sample/biggan/raw/imagenet_ai_0419_biggan/train/ai/697_biggan_00181.png,128,128,PNG,RGB,0.029356002807617188,True,126df101ffac67e9e7a6716e7b0498b5,True
/content/genimage_sample/biggan/raw/imagenet_ai_0419_biggan/train/ai/380_biggan_00119.png,128,128,PNG,RGB,0.029718399047851562,True,4fe00628b9bc75ebc75c8fc97fe08caa,True
/content/genimage_sample/biggan/raw/imagenet_ai_0419_biggan/train/ai/132_biggan_00131.png,128,128,PNG,RGB,0.029808998107910156,True,e53d6eb8dde6ca7b2b2dee56bc33e555,True
/content/genimage_sample/biggan/raw/imagenet_ai_0419_biggan/train/ai/018_biggan_00114.png,128,128,PNG,RGB,0.035080909729003906,True,8d50b615ff296998ff1ced2d9ab97bd2,True
/content/genimage_sample/biggan/raw/imagenet_ai_0419_biggan/train/ai/102_biggan_00159.png,128,128,PNG,RGB,0.037993431091308594,True,436eba1c05ff928e4504435eb44b83a1,True
/content/genimage_sample/biggan/raw/imagenet_ai_0419_biggan/train/ai/286_biggan_00101.png,128,128,PNG,RGB,0.028310775756835938,True,72a25a4a9d712c9b4bb89a24b6942fae,True
/content/genimage_sample/biggan/raw/imagenet_ai_0419_biggan/train/ai/015_biggan_00128.png,128,128,PNG,RGB,0.03396320343017578,True,d15e0edd58fb77baf4a318cb60a57e9a,True
/content/genimage_sample/biggan/raw/imagenet_ai_0419_biggan/train/ai/474_biggan_00082.png,128,128,PNG,RGB,0.026079177856445312,True,fde9e8e260ba0b4d4fa26fc24f49c8c9,True
/content/genimage_sample/biggan/raw/imagenet_ai_0419_biggan/train/ai/678_biggan_00170.png,128,128,PNG,RGB,0.02762317657470703,True,8d40c4aca573d5cc679feb25dbdfe775,True
/content/genimage_sample/biggan/raw/imagenet_ai_0419_biggan/train/ai/322_biggan_00185.png,128,128,PNG,RGB,0.03363323211669922,True,3f18577fa437309e8d8554375e984385,True
/content/genimage_sample/biggan/raw/imagenet_ai_0419_biggan/train/ai/877_biggan_00073.png,128,128,PNG,RGB,0.027983665466308594,True,34040c8ca666296fda96c9d3079168fc,True
/content/genimage_sample/biggan/raw/imagenet_ai_0419_biggan/train/ai/211_biggan_00137.png,128,128,PNG,RGB,0.02642059326171875,True,da6f83a5dc6dc3ed68a518a0200fd9c7,True
/content/genimage_sample/biggan/raw/imagenet_ai_0419_biggan/train/ai/406_biggan_00070.png,128,128,PNG,RGB,0.02953815460205078,True,4221aefd23097a15953eebe214f02f8d,True
/content/genimage_sample/biggan/raw/imagenet_ai_0419_biggan/train/ai/573_biggan_00062.png,128,128,PNG,RGB,0.02905750274658203,True,90c1f4f926db87c77862d65594f9688a,True
/content/genimage_sample/biggan/raw/imagenet_ai_0419_biggan/train/ai/509_biggan_00044.png,128,128,PNG,RGB,0.03753662109375,True,e2c5b018ef0085ee7b2c280643732ed4,True
/content/genimage_sample/biggan/raw/imagenet_ai_0419_biggan/train/ai/412_biggan_00040.png,128,128,PNG,RGB,0.027292251586914062,True,74f2a38a5ac52762199a1a2d2f08a8df,True
/content/genimage_sample/biggan/raw/imagenet_ai_0419_biggan/train/ai/346_biggan_00132.png,128,128,PNG,RGB,0.030986785888671875,True,73c193bef48dcfe001a54d5f4d7396e7,True
/content/genimage_sample/biggan/raw/imagenet_ai_0419_biggan/train/ai/427_biggan_00187.png,128,128,PNG,RGB,0.031101226806640625,True,be7da666651246c599b04c55a2c803d5,True
/content/genimage_sample/biggan/raw/imagenet_ai_0419_biggan/train/ai/261_biggan_00093.png,128,128,PNG,RGB,0.031219482421875,True,ff7c33bb38a5e1dbd4cca1b465d41104,True
/content/genimage_sample/biggan/raw/imagenet_ai_0419_biggan/train/ai/539_biggan_00149.png,128,128,PNG,RGB,0.03075122833251953,True,e4c5b6bdc2127abc9656b5b3ecbf0d86,True
/content/genimage_sample/biggan/raw/imagenet_ai_0419_biggan/train/ai/648_biggan_00187.png,128,128,PNG,RGB,0.01786327362060547,True,30b96fc93ce10a0b77876c65fc303e41,True
/content/genimage_sample/biggan/raw/imagenet_ai_0419_biggan/train/ai/554_biggan_00167.png,128,128,PNG,RGB,0.022347450256347656,True,337179b36ab29325b2ab195f12120727,True
/content/genimage_sample/biggan/raw/imagenet_ai_0419_biggan/train/ai/150_biggan_00181.png,128,128,PNG,RGB,0.029521942138671875,True,cb99896b028d671f8586607a82616cc7,True
/content/genimage_sample/biggan/raw/imagenet_ai_0419_biggan/train/ai/587_biggan_00073.png,128,128,PNG,RGB,0.01799488067626953,True,4a653a0a7cb98d14959ec579fef31d2f,True
/content/genimage_sample/biggan/raw/imagenet_ai_0419_biggan/train/ai/813_biggan_00139.png,128,128,PNG,RGB,0.01744556427001953,True,f6b74618f0322c999271d79390da965f,True
/content/genimage_sample/biggan/raw/imagenet_ai_0419_biggan/train/ai/425_biggan_00034.png,128,128,PNG,RGB,0.03255653381347656,True,4bdfedbed5288bf6e2c8869bddff1918,True
/content/genimage_sample/biggan/raw/imagenet_ai_0419_biggan/train/ai/464_biggan_00056.png,128,128,PNG,RGB,0.028734207153320312,True,ee82219d4b1176bd856e42f04b47a0a3,True
/content/genimage_sample/biggan/raw/imagenet_ai_0419_biggan/train/ai/318_biggan_00166.png,128,128,PNG,RGB,0.023263931274414062,True,bcf63898f2e8e05f281b3899c7b41f90,True
/content/genimage_sample/biggan/raw/imagenet_ai_0419_biggan/train/ai/257_biggan_00120.png,128,128,PNG,RGB,0.02521514892578125,True,770085ea8146532ee780c9a49a5aa0d1,True
/content/genimage_sample/biggan/raw/imagenet_ai_0419_biggan/train/ai/924_biggan_00008.png,128,128,PNG,RGB,0.029868125915527344,True,bcee24ce0db03b254766ab76f23d1112,True
/content/genimage_sample/biggan/raw/imagenet_ai_0419_biggan/train/ai/023_biggan_00175.png,128,128,PNG,RGB,0.022294044494628906,True,b58befc0eedfc5496efd1b4b4cb63ea8,True
/content/genimage_sample/biggan/raw/imagenet_ai_0419_biggan/train/ai/894_biggan_00016.png,128,128,PNG,RGB,0.01945018768310547,True,2fd9a982b93d3512318b454f3f3625b2,True
/content/genimage_sample/biggan/raw/imagenet_ai_0419_biggan/train/ai/787_biggan_00103.png,128,128,PNG,RGB,0.025938034057617188,True,db3293405b2b7df1dcedf890d992528e,True
/content/genimage_sample/biggan/raw/imagenet_ai_0419_biggan/train/ai/817_biggan_00166.png,128,128,PNG,RGB,0.028629302978515625,True,e6ebdd043f9d3be03cab8d461325cfb0,True
/content/genimage_sample/biggan/raw/imagenet_ai_0419_biggan/train/ai/341_biggan_00081.png,128,128,PNG,RGB,0.02866363525390625,True,eab6199e1dd13890932830552e321b74,True
/content/genimage_sample/biggan/raw/imagenet_ai_0419_biggan/train/ai/429_biggan_00161.png,128,128,PNG,RGB,0.018662452697753906,True,dd1ac231927da557f4757e7031a12a8b,True
/content/genimage_sample/biggan/raw/imagenet_ai_0419_biggan/train/ai/985_biggan_00136.png,128,128,PNG,RGB,0.039707183837890625,True,48531159cc1abf95bfb54dbd903dd48a,True
/content/genimage_sample/biggan/raw/imagenet_ai_0419_biggan/train/ai/653_biggan_00076.png,128,128,PNG,RGB,0.03099822998046875,True,e6ff9a9724230d05a0f5ca986a80f9dd,True
/content/genimage_sample/biggan/raw/imagenet_ai_0419_biggan/train/ai/614_biggan_00156.png,128,128,PNG,RGB,0.03297138214111328,True,66c153cd33fe0fb622dc1b2f602c0998,True
/content/genimage_sample/biggan/raw/imagenet_ai_0419_biggan/train/ai/398_biggan_00083.png,128,128,PNG,RGB,0.026525497436523438,True,efc508ab2670d4d131fe64d835bab160,True
/content/genimage_sample/biggan/raw/imagenet_ai_0419_biggan/train/ai/206_biggan_00049.png,128,128,PNG,RGB,0.025682449340820312,True,dbf77262cb6e0ca99d5de273471dbffa,True
/content/genimage_sample/biggan/raw/imagenet_ai_0419_biggan/train/ai/867_biggan_00140.png,128,128,PNG,RGB,0.02764606475830078,True,c553f1378a9dce03784a8f6d24c8b82e,True
/content/genimage_sample/biggan/raw/imagenet_ai_0419_biggan/train/ai/058_biggan_00060.png,128,128,PNG,RGB,0.03469276428222656,True,1a4ba4b7994acd7057a61b89aa822e6d,True
/content/genimage_sample/biggan/raw/imagenet_ai_0419_biggan/train/ai/296_biggan_00181.png,128,128,PNG,RGB,0.021800994873046875,True,dad537edce620470b13ed8a1cacb30e9,True
/content/genimage_sample/biggan/raw/imagenet_ai_0419_biggan/train/ai/824_biggan_00061.png,128,128,PNG,RGB,0.030287742614746094,True,a126e869d66090a9b20e4bd221c07d1a,True
/content/genimage_sample/biggan/raw/imagenet_ai_0419_biggan/train/ai/150_biggan_00014.png,128,128,PNG,RGB,0.02435779571533203,True,069ca2f87ab8951527fcbbdc608c50db,True
/content/genimage_sample/biggan/raw/imagenet_ai_0419_biggan/train/ai/195_biggan_00160.png,128,128,PNG,RGB,0.03324604034423828,True,88a1cf0a1660b33bfd6a84b00907b7fe,True
/content/genimage_sample/biggan/raw/imagenet_ai_0419_biggan/train/ai/695_biggan_00094.png,128,128,PNG,RGB,0.025424957275390625,True,4c2536038ed2050c1eec605917c25bfd,True
/content/genimage_sample/biggan/raw/imagenet_ai_0419_biggan/train/ai/933_biggan_00004.png,128,128,PNG,RGB,0.026721954345703125,True,04c845c867e5190ccdb9fd7dc29595bf,True
/content/genimage_sample/biggan/raw/imagenet_ai_0419_biggan/train/ai/156_biggan_00101.png,128,128,PNG,RGB,0.032482147216796875,True,a9a90ba3c0d2e119e0b9f237b241e219,True
/content/genimage_sample/biggan/raw/imagenet_ai_0419_biggan/train/ai/181_biggan_00004.png,128,128,PNG,RGB,0.030498504638671875,True,d1ac31cd5436f676aa085e88e6de5b33,True
/content/genimage_sample/biggan/raw/imagenet_ai_0419_biggan/train/ai/461_biggan_00115.png,128,128,PNG,RGB,0.02575206756591797,True,a4567331878591c85faee3d54c9d03b6,True
/content/genimage_sample/biggan/raw/imagenet_ai_0419_biggan/train/ai/965_biggan_00070.png,128,128,PNG,RGB,0.030872344970703125,True,2f2d9b6965cf7168b33944ac49d90185,True
/content/genimage_sample/biggan/raw/imagenet_ai_0419_biggan/train/ai/129_biggan_00124.png,128,128,PNG,RGB,0.036574363708496094,True,bb450a719755f2a89ae14a904ab6bb4e,True
/content/genimage_sample/biggan/raw/imagenet_ai_0419_biggan/train/ai/474_biggan_00184.png,128,128,PNG,RGB,0.027437210083007812,True,e00996e54c104a637c6df6d640937bb3,True
/content/genimage_sample/biggan/raw/imagenet_ai_0419_biggan/train/ai/310_biggan_00085.png,128,128,PNG,RGB,0.032276153564453125,True,fb9599e22dbfcaed455944027154f1da,True
/content/genimage_sample/biggan/raw/imagenet_ai_0419_biggan/train/ai/683_biggan_00171.png,128,128,PNG,RGB,0.02909374237060547,True,cde93006aeb818c3320d815d28aaf700,True
/content/genimage_sample/biggan/raw/imagenet_ai_0419_biggan/train/ai/748_biggan_00121.png,128,128,PNG,RGB,0.023848533630371094,True,f45db5b29c33e4587afcfef4a531b393,True
/content/genimage_sample/biggan/raw/imagenet_ai_0419_biggan/train/ai/263_biggan_00044.png,128,128,PNG,RGB,0.02588367462158203,True,f6f75808cc06150c39a885218689eceb,True
/content/genimage_sample/biggan/raw/imagenet_ai_0419_biggan/train/ai/684_biggan_00098.png,128,128,PNG,RGB,0.020723342895507812,True,a0d9b7435d105b0b313bf89042981a35,True
/content/genimage_sample/biggan/raw/imagenet_ai_0419_biggan/train/ai/535_biggan_00170.png,128,128,PNG,RGB,0.02991199493408203,True,0f664237e6502816a8efa6e43af0c0be,True
/content/genimage_sample/biggan/raw/imagenet_ai_0419_biggan/train/ai/493_biggan_00169.png,128,128,PNG,RGB,0.02645587921142578,True,0c2199dd7b3bcfe612ce90110716d92c,True
/content/genimage_sample/biggan/raw/imagenet_ai_0419_biggan/train/ai/356_biggan_00069.png,128,128,PNG,RGB,0.02472972869873047,True,834cb161c3151db2ef0efb93121d3c24,True
/content/genimage_sample/biggan/raw/imagenet_ai_0419_biggan/train/ai/976_biggan_00184.png,128,128,PNG,RGB,0.027894973754882812,True,5a462cfaa752cc1081c71d3d253dc7a6,True
/content/genimage_sample/biggan/raw/imagenet_ai_0419_biggan/train/ai/936_biggan_00157.png,128,128,PNG,RGB,0.031714439392089844,True,4bb43b30665a42710f519fc8f4c6e141,True
/content/genimage_sample/biggan/raw/imagenet_ai_0419_biggan/train/ai/186_biggan_00155.png,128,128,PNG,RGB,0.03077411651611328,True,c08bd367fe15e9620c6e25f54db26500,True
/content/genimage_sample/biggan/raw/imagenet_ai_0419_biggan/train/ai/726_biggan_00178.png,128,128,PNG,RGB,0.027801513671875,True,a14c67ddd48db712876b3db9a2a2f874,True
/content/genimage_sample/biggan/raw/imagenet_ai_0419_biggan/train/ai/507_biggan_00190.png,128,128,PNG,RGB,0.027250289916992188,True,0169796ebbe29226f739f0b0df6a9e17,True
/content/genimage_sample/biggan/raw/imagenet_ai_0419_biggan/train/ai/572_biggan_00062.png,128,128,PNG,RGB,0.02643585205078125,True,1ebe1d2561f5452e83d5251bdcd51281,True
/content/genimage_sample/biggan/raw/imagenet_ai_0419_biggan/train/ai/376_biggan_00138.png,128,128,PNG,RGB,0.03947925567626953,True,5f4e9cf336f9fe34c3a8136b565e5edb,True
/content/genimage_sample/biggan/raw/imagenet_ai_0419_biggan/train/ai/098_biggan_00126.png,128,128,PNG,RGB,0.029802322387695312,True,b51de015d0af49cc21e7efcfdf89b404,True
/content/genimage_sample/biggan/raw/imagenet_ai_0419_biggan/train/ai/945_biggan_00188.png,128,128,PNG,RGB,0.028220176696777344,True,88f5db2d9cf0cbd0851566276cd41d81,True
/content/genimage_sample/biggan/raw/imagenet_ai_0419_biggan/train/ai/597_biggan_00188.png,128,128,PNG,RGB,0.025814056396484375,True,de4621c7a6a81cf944076492a15120e0,True
/content/genimage_sample/biggan/raw/imagenet_ai_0419_biggan/train/ai/345_biggan_00175.png,128,128,PNG,RGB,0.030330657958984375,True,ce52625bd6752dd23377d6e2839853d6,True
/content/genimage_sample/biggan/raw/imagenet_ai_0419_biggan/train/ai/831_biggan_00196.png,128,128,PNG,RGB,0.020456314086914062,True,d799d08b5dfbe8ddb64dfc44bb7f0d24,True
/content/genimage_sample/biggan/raw/imagenet_ai_0419_biggan/train/ai/355_biggan_00075.png,128,128,PNG,RGB,0.0287628173828125,True,a13f62ee4ae6e8dec300aaf5c5e5bf47,True
/content/genimage_sample/biggan/raw/imagenet_ai_0419_biggan/train/ai/692_biggan_00013.png,128,128,PNG,RGB,0.025244712829589844,True,6fa478aba558cce24da7ca990b01f97a,True
/content/genimage_sample/biggan/raw/imagenet_ai_0419_biggan/train/ai/387_biggan_00094.png,128,128,PNG,RGB,0.03273963928222656,True,04acc08db7d1929b447de86605f5cb6f,True
/content/genimage_sample/biggan/raw/imagenet_ai_0419_biggan/train/ai/708_biggan_00182.png,128,128,PNG,RGB,0.018390655517578125,True,067cb8ac8e03f8aa499b012f647bc494,True
/content/genimage_sample/biggan/raw/imagenet_ai_0419_biggan/train/ai/064_biggan_00110.png,128,128,PNG,RGB,0.024425506591796875,True,796e3e59ee2039541d9e8bfe9c4e44bb,True
/content/genimage_sample/biggan/raw/imagenet_ai_0419_biggan/train/ai/693_biggan_00057.png,128,128,PNG,RGB,0.03209877014160156,True,fdbfd356e6f4e79f66d1115a47375a03,True
/content/genimage_sample/biggan/raw/imagenet_ai_0419_biggan/train/ai/821_biggan_00103.png,128,128,PNG,RGB,0.029440879821777344,True,850f5dbcb4cbf3e2ece6413106abe626,True
/content/genimage_sample/biggan/raw/imagenet_ai_0419_biggan/train/ai/872_biggan_00134.png,128,128,PNG,RGB,0.023942947387695312,True,4954da36c54d7755c95b9ca50f256a9a,True
/content/genimage_sample/biggan/raw/imagenet_ai_0419_biggan/train/ai/310_biggan_00005.png,128,128,PNG,RGB,0.022352218627929688,True,d586f0a32fb959a4c0c47a4b18015214,True
/content/genimage_sample/biggan/raw/imagenet_ai_0419_biggan/train/ai/537_biggan_00106.png,128,128,PNG,RGB,0.03322029113769531,True,ac8eda5d70d77232f05d82c79bb31789,True
/content/genimage_sample/biggan/raw/imagenet_ai_0419_biggan/train/ai/617_biggan_00105.png,128,128,PNG,RGB,0.028020858764648438,True,0c19d7a6afaf4d189bea6281ff600ef3,True
/content/genimage_sample/biggan/raw/imagenet_ai_0419_biggan/train/ai/881_biggan_00161.png,128,128,PNG,RGB,0.024865150451660156,True,bf0ff7ee64fe7092a7fb2225cc2b9837,True
/content/genimage_sample/biggan/raw/imagenet_ai_0419_biggan/train/ai/651_biggan_00032.png,128,128,PNG,RGB,0.0238037109375,True,37d220b3685b00523adf0c8d5ad4e273,True
/content/genimage_sample/biggan/raw/imagenet_ai_0419_biggan/train/ai/856_biggan_00044.png,128,128,PNG,RGB,0.03001689910888672,True,56f85cdba7dc1aae82fe9276b61ecba1,True
/content/genimage_sample/biggan/raw/imagenet_ai_0419_biggan/train/ai/590_biggan_00072.png,128,128,PNG,RGB,0.024152755737304688,True,0d8bc16c7f624a38bdbedbc49b7178cf,True
/content/genimage_sample/biggan/raw/imagenet_ai_0419_biggan/train/ai/703_biggan_00044.png,128,128,PNG,RGB,0.03709125518798828,True,36e6ac7a9d0fa7044f77e64f5c49041d,True
/content/genimage_sample/biggan/raw/imagenet_ai_0419_biggan/train/ai/127_biggan_00102.png,128,128,PNG,RGB,0.031661033630371094,True,92cb53afca7f3c39ed22ad61cec2f400,True
/content/genimage_sample/biggan/raw/imagenet_ai_0419_biggan/train/ai/174_biggan_00181.png,128,128,PNG,RGB,0.030159950256347656,True,fd18c4ac8146e69986d456996c669195,True
/content/genimage_sample/biggan/raw/imagenet_ai_0419_biggan/train/ai/361_biggan_00043.png,128,128,PNG,RGB,0.034903526306152344,True,54be0981307f8b3d651954c2ea368042,True
/content/genimage_sample/biggan/raw/imagenet_ai_0419_biggan/train/ai/385_biggan_00028.png,128,128,PNG,RGB,0.031864166259765625,True,516cbe3c81ec1bed16f29e63000d1ae8,True
/content/genimage_sample/biggan/raw/imagenet_ai_0419_biggan/val/ai/710_biggan_00035.png,128,128,PNG,RGB,0.02586841583251953,True,594ef928deec677bf6289156c05be729,True
/content/genimage_sample/biggan/raw/imagenet_ai_0419_biggan/val/ai/962_biggan_00020.png,128,128,PNG,RGB,0.028344154357910156,True,ae16493a4e77fa20723e06b63df53a87,True
/content/genimage_sample/biggan/raw/imagenet_ai_0419_biggan/val/ai/226_biggan_00020.png,128,128,PNG,RGB,0.03092479705810547,True,0bee013ea543339355916379331d072f,True
/content/genimage_sample/biggan/raw/imagenet_ai_0419_biggan/val/ai/742_biggan_00074.png,128,128,PNG,RGB,0.0222930908203125,True,d87f7e2de67eb86bae561dabdf070d53,True
/content/genimage_sample/biggan/raw/imagenet_ai_0419_biggan/val/ai/916_biggan_00020.png,128,128,PNG,RGB,0.02017498016357422,True,e3ff85f70cdc5570cd76dc9d591b6406,True
/content/genimage_sample/biggan/raw/imagenet_ai_0419_biggan/val/ai/573_biggan_00035.png,128,128,PNG,RGB,0.035129547119140625,True,eb3336fa7453bde2cf8c123a9d2aefb5,True
/content/genimage_sample/biggan/raw/imagenet_ai_0419_biggan/val/ai/413_biggan_00074.png,128,128,PNG,RGB,0.03137016296386719,True,648b92190c8bec0d5fa51edb4c84ed4c,True
/content/genimage_sample/biggan/raw/imagenet_ai_0419_biggan/val/ai/773_biggan_00039.png,128,128,PNG,RGB,0.029939651489257812,True,0adf03b1df585c061f8f563c6e2ba82f,True
/content/genimage_sample/biggan/raw/imagenet_ai_0419_biggan/val/ai/138_biggan_00143.png,128,128,PNG,RGB,0.03068828582763672,True,62d94dcb96b7fe039b29cca4def93776,True
/content/genimage_sample/biggan/raw/imagenet_ai_0419_biggan/val/ai/319_biggan_00127.png,128,128,PNG,RGB,0.025307655334472656,True,2576f80bd432de7b739f061ccd40c462,True
/content/genimage_sample/biggan/raw/imagenet_ai_0419_biggan/val/ai/117_biggan_00020.png,128,128,PNG,RGB,0.027060508728027344,True,ec416361ae1f48d036c8270b2cf6dfa0,True
/content/genimage_sample/biggan/raw/imagenet_ai_0419_biggan/val/ai/061_biggan_00035.png,128,128,PNG,RGB,0.03563976287841797,True,733da3a4892bb7ea44bab3e451abee46,True
/content/genimage_sample/biggan/raw/imagenet_ai_0419_biggan/val/ai/936_biggan_00143.png,128,128,PNG,RGB,0.03293418884277344,True,8d07e17701ef70e329b5c7d713da701e,True
/content/genimage_sample/biggan/raw/imagenet_ai_0419_biggan/val/ai/465_biggan_00127.png,128,128,PNG,RGB,0.019866943359375,True,9ca803188999778c392799a042b376cf,True
/content/genimage_sample/biggan/raw/imagenet_ai_0419_biggan/val/ai/835_biggan_00143.png,128,128,PNG,RGB,0.034796714782714844,True,b11cd79d58159ed29728fa0675d4b15e,True
/content/genimage_sample/biggan/raw/imagenet_ai_0419_biggan/val/ai/712_biggan_00035.png,128,128,PNG,RGB,0.026506423950195312,True,1cf3d5b9b9645438d0d37865f523cce0,True
/content/genimage_sample/biggan/raw/imagenet_ai_0419_biggan/val/ai/023_biggan_00074.png,128,128,PNG,RGB,0.017106056213378906,True,b7a1e60771fc5432221699d3567fb0f0,True
