path,width,height,format,mode,file_size_MB,valid
/content/genimage_sample/biggan/raw/imagenet_ai_0419_biggan/train/ai/231_biggan_00042.png,128,128,PNG,RGB,0.02861499786376953,True
/content/genimage_sample/biggan/raw/imagenet_ai_0419_biggan/train/ai/321_biggan_00173.png,128,128,PNG,RGB,0.03254508972167969,True
/content/genimage_sample/biggan/raw/imagenet_ai_0419_biggan/train/ai/667_biggan_00034.png,128,128,PNG,RGB,0.02646160125732422,True
/content/genimage_sample/biggan/raw/imagenet_ai_0419_biggan/train/ai/071_biggan_00163.png,128,128,PNG,RGB,0.03821563720703125,True
/content/genimage_sample/biggan/raw/imagenet_ai_0419_biggan/train/ai/549_biggan_00010.png,128,128,PNG,RGB,0.01750946044921875,True
/content/genimage_sample/biggan/raw/imagenet_ai_0419_biggan/train/ai/193_biggan_00198.png,128,128,PNG,RGB,0.03289794921875,True
/content/genimage_sample/biggan/raw/imagenet_ai_0419_biggan/train/ai/115_biggan_00107.png,128,128,PNG,RGB,0.03321361541748047,True
/content/genimage_sample/biggan/raw/imagenet_ai_0419_biggan/train/ai/953_biggan_00106.png,128,128,PNG,RGB,0.032263755798339844,True
/content/genimage_sample/biggan/raw/imagenet_ai_0419_biggan/train/ai/226_biggan_00166.png,128,128,PNG,RGB,0.027545928955078125,True
/content/genimage_sample/biggan/raw/imagenet_ai_0419_biggan/train/ai/612_biggan_00106.png,128,128,PNG,RGB,0.031319618225097656,True
/content/genimage_sample/biggan/raw/imagenet_ai_0419_biggan/train/ai/005_biggan_00146.png,128,128,PNG,RGB,0.014865875244140625,True
/content/genimage_sample/biggan/raw/imagenet_ai_0419_biggan/train/ai/565_biggan_00160.png,128,128,PNG,RGB,0.023819923400878906,True
/content/genimage_sample/biggan/raw/imagenet_ai_0419_biggan/train/ai/962_biggan_00006.png,128,128,PNG,RGB,0.03471088409423828,True
/content/genimage_sample/biggan/raw/imagenet_ai_0419_biggan/train/ai/871_biggan_00061.png,128,128,PNG,RGB,0.02463245391845703,True
/content/genimage_sample/biggan/raw/imagenet_ai_0419_biggan/train/ai/748_biggan_00002.png,128,128,PNG,RGB,0.03314971923828125,True
/content/genimage_sample/biggan/raw/imagenet_ai_0419_biggan/train/ai/504_biggan_00082.png,128,128,PNG,RGB,0.025613784790039062,True
/content/genimage_sample/biggan/raw/imagenet_ai_0419_biggan/train/ai/665_biggan_00049.png,128,128,PNG,RGB,0.03602123260498047,True
/content/genimage_sample/biggan/raw/imagenet_ai_0419_biggan/train/ai/451_biggan_00132.png,128,128,PNG,RGB,0.025907516479492188,True
/content/genimage_sample/biggan/raw/imagenet_ai_0419_biggan/train/ai/167_biggan_00122.png,128,128,PNG,RGB,0.0266571044921875,True
/content/genimage_sample/biggan/raw/imagenet_ai_0419_biggan/train/ai/855_biggan_00181.png,128,128,PNG,RGB,0.021366119384765625,True
/content/genimage_sample/biggan/raw/imagenet_ai_0419_biggan/train/ai/604_biggan_00053.png,128,128,PNG,RGB,0.02318859100341797,True
/content/genimage_sample/biggan/raw/imagenet_ai_0419_biggan/train/ai/645_biggan_00126.png,128,128,PNG,RGB,0.03650474548339844,True
/content/genimage_sample/biggan/raw/imagenet_ai_0419_biggan/train/ai/989_biggan_00159.png,128,128,PNG,RGB,0.03222465515136719,True
/content/genimage_sample/biggan/raw/imagenet_ai_0419_biggan/train/ai/114_biggan_00130.png,128,128,PNG,RGB,0.03885650634765625,True
/content/genimage_sample/biggan/raw/imagenet_ai_0419_biggan/train/ai/821_biggan_00096.png,128,128,PNG,RGB,0.02830219268798828,True
/content/genimage_sample/biggan/raw/imagenet_ai_0419_biggan/train/ai/050_biggan_00165.png,128,128,PNG,RGB,0.029413223266601562,True
/content/genimage_sample/biggan/raw/imagenet_ai_0419_biggan/train/ai/103_biggan_00120.png,128,128,PNG,RGB,0.027826309204101562,True
/content/genimage_sample/biggan/raw/imagenet_ai_0419_biggan/train/ai/757_biggan_00077.png,128,128,PNG,RGB,0.02410602569580078,True
/content/genimage_sample/biggan/raw/imagenet_ai_0419_biggan/train/ai/818_biggan_00120.png,128,128,PNG,RGB,0.0093841552734375,True
/content/genimage_sample/biggan/raw/imagenet_ai_0419_biggan/train/ai/161_biggan_00156.png,128,128,PNG,RGB,0.028917312622070312,True
/content/genimage_sample/biggan/raw/imagenet_ai_0419_biggan/train/ai/087_biggan_00130.png,128,128,PNG,RGB,0.027121543884277344,True
/content/genimage_sample/biggan/raw/imagenet_ai_0419_biggan/train/ai/339_biggan_00185.png,128,128,PNG,RGB,0.031248092651367188,True
/content/genimage_sample/biggan/raw/imagenet_ai_0419_biggan/train/ai/450_biggan_00034.png,128,128,PNG,RGB,0.029628753662109375,True
/content/genimage_sample/biggan/raw/imagenet_ai_0419_biggan/train/ai/864_biggan_00066.png,128,128,PNG,RGB,0.025694847106933594,True
/content/genimage_sample/biggan/raw/imagenet_ai_0419_biggan/train/ai/449_biggan_00128.png,128,128,PNG,RGB,0.026000022888183594,True
/content/genimage_sample/biggan/raw/imagenet_ai_0419_biggan/train/ai/288_biggan_00187.png,128,128,PNG,RGB,0.033341407775878906,True
/content/genimage_sample/biggan/raw/imagenet_ai_0419_biggan/train/ai/449_biggan_00161.png,128,128,PNG,RGB,0.032874107360839844,True
/content/genimage_sample/biggan/raw/imagenet_ai_0419_biggan/train/ai/340_biggan_00166.png,128,128,PNG,RGB,0.03432464599609375,True
/content/genimage_sample/biggan/raw/imagenet_ai_0419_biggan/train/ai/937_biggan_00046.png,128,128,PNG,RGB,0.038374900817871094,True
/content/genimage_sample/biggan/raw/imagenet_ai_0419_biggan/train/ai/790_biggan_00129.png,128,128,PNG,RGB,0.024282455444335938,True
/content/genimage_sample/biggan/raw/imagenet_ai_0419_biggan/train/ai/455_biggan_00183.png,128,128,PNG,RGB,0.03292369842529297,True
/content/genimage_sample/biggan/raw/imagenet_ai_0419_biggan/train/ai/094_biggan_00126.png,128,128,PNG,RGB,0.023265838623046875,True
/content/genimage_sample/biggan/raw/imagenet_ai_0419_biggan/train/ai/969_biggan_00043.png,128,128,PNG,RGB,0.02759552001953125,True
/content/genimage_sample/biggan/raw/imagenet_ai_0419_biggan/train/ai/399_biggan_00016.png,128,128,PNG,RGB,0.021942138671875,True
/content/genimage_sample/biggan/raw/imagenet_ai_0419_biggan/train/ai/429_biggan_00031.png,128,128,PNG,RGB,0.03363513946533203,True
/content/genimage_sample/biggan/raw/imagenet_ai_0419_biggan/train/ai/589_biggan_00075.png,128,128,PNG,RGB,0.02117156982421875,True
/content/genimage_sample/biggan/raw/imagenet_ai_0419_biggan/train/ai/755_biggan_00144.png,128,128,PNG,RGB,0.0284881591796875,True
/content/genimage_sample/biggan/raw/imagenet_ai_0419_biggan/train/ai/978_biggan_00142.png,128,128,PNG,RGB,0.024819374084472656,True
/content/genimage_sample/biggan/raw/imagenet_ai_0419_biggan/train/ai/111_biggan_00063.png,128,128,PNG,RGB,0.016489028930664062,True
/content/genimage_sample/biggan/raw/imagenet_ai_0419_biggan/train/ai/447_biggan_00142.png,128,128,PNG,RGB,0.022249221801757812,True
/content/genimage_sample/biggan/raw/imagenet_ai_0419_biggan/train/ai/657_biggan_00129.png,128,128,PNG,RGB,0.021566390991210938,True
/content/genimage_sample/biggan/raw/imagenet_ai_0419_biggan/train/ai/251_biggan_00118.png,128,128,PNG,RGB,0.028478622436523438,True
/content/genimage_sample/biggan/raw/imagenet_ai_0419_biggan/train/ai/646_biggan_00149.png,128,128,PNG,RGB,0.033713340759277344,True
/content/genimage_sample/biggan/raw/imagenet_ai_0419_biggan/train/ai/185_biggan_00073.png,128,128,PNG,RGB,0.03153038024902344,True
/content/genimage_sample/biggan/raw/imagenet_ai_0419_biggan/train/ai/308_biggan_00023.png,128,128,PNG,RGB,0.02702045440673828,True
/content/genimage_sample/biggan/raw/imagenet_ai_0419_biggan/train/ai/980_biggan_00187.png,128,128,PNG,RGB,0.024013519287109375,True
/content/genimage_sample/biggan/raw/imagenet_ai_0419_biggan/train/ai/461_biggan_00033.png,128,128,PNG,RGB,0.02817058563232422,True
/content/genimage_sample/biggan/raw/imagenet_ai_0419_biggan/train/ai/111_biggan_00198.png,128,128,PNG,RGB,0.007752418518066406,True
/content/genimage_sample/biggan/raw/imagenet_ai_0419_biggan/train/ai/897_biggan_00087.png,128,128,PNG,RGB,0.021390914916992188,True
/content/genimage_sample/biggan/raw/imagenet_ai_0419_biggan/train/ai/646_biggan_00060.png,128,128,PNG,RGB,0.034081459045410156,True
/content/genimage_sample/biggan/raw/imagenet_ai_0419_biggan/train/ai/985_biggan_00083.png,128,128,PNG,RGB,0.03813362121582031,True
/content/genimage_sample/biggan/raw/imagenet_ai_0419_biggan/train/ai/040_biggan_00022.png,128,128,PNG,RGB,0.023923873901367188,True
/content/genimage_sample/biggan/raw/imagenet_ai_0419_biggan/train/ai/547_biggan_00016.png,128,128,PNG,RGB,0.031311988830566406,True
/content/genimage_sample/biggan/raw/imagenet_ai_0419_biggan/train/ai/911_biggan_00004.png,128,128,PNG,RGB,0.030640602111816406,True
/content/genimage_sample/biggan/raw/imagenet_ai_0419_biggan/train/ai/092_biggan_00007.png,128,128,PNG,RGB,0.02083873748779297,True
/content/genimage_sample/biggan/raw/imagenet_ai_0419_biggan/train/ai/440_biggan_00140.png,128,128,PNG,RGB,0.030188560485839844,True
/content/genimage_sample/biggan/raw/imagenet_ai_0419_biggan/train/ai/010_biggan_00103.png,128,128,PNG,RGB,0.030190467834472656,True
/content/genimage_sample/biggan/raw/imagenet_ai_0419_biggan/train/ai/657_biggan_00117.png,128,128,PNG,RGB,0.019571304321289062,True
/content/genimage_sample/biggan/raw/imagenet_ai_0419_biggan/train/ai/429_biggan_00030.png,128,128,PNG,RGB,0.02628040313720703,True
/content/genimage_sample/biggan/raw/imagenet_ai_0419_biggan/train/ai/372_biggan_00073.png,128,128,PNG,RGB,0.031528472900390625,True
/content/genimage_sample/biggan/raw/imagenet_ai_0419_biggan/train/ai/890_biggan_00104.png,128,128,PNG,RGB,0.03170967102050781,True
/content/genimage_sample/biggan/raw/imagenet_ai_0419_biggan/train/ai/428_biggan_00180.png,128,128,PNG,RGB,0.03345012664794922,True
/content/genimage_sample/biggan/raw/imagenet_ai_0419_biggan/train/ai/485_biggan_00190.png,128,128,PNG,RGB,0.029794692993164062,True
/content/genimage_sample/biggan/raw/imagenet_ai_0419_biggan/train/ai/121_biggan_00150.png,128,128,PNG,RGB,0.029764175415039062,True
/content/genimage_sample/biggan/raw/imagenet_ai_0419_biggan/train/ai/511_biggan_00185.png,128,128,PNG,RGB,0.022289276123046875,True
/content/genimage_sample/biggan/raw/imagenet_ai_0419_biggan/train/ai/445_biggan_00008.png,128,128,PNG,RGB,0.028962135314941406,True
/content/genimage_sample/biggan/raw/imagenet_ai_0419_biggan/train/ai/614_biggan_00004.png,128,128,PNG,RGB,0.03149890899658203,True
/content/genimage_sample/biggan/raw/imagenet_ai_0419_biggan/train/ai/559_biggan_00076.png,128,128,PNG,RGB,0.033016204833984375,True
/content/genimage_sample/biggan/raw/imagenet_ai_0419_biggan/train/ai/205_biggan_00190.png,128,128,PNG,RGB,0.02879810333251953,True
/content/genimage_sample/biggan/raw/imagenet_ai_0419_biggan/train/ai/491_biggan_00142.png,128,128,PNG,RGB,0.03414726257324219,True
/content/genimage_sample/biggan/raw/imagenet_ai_0419_biggan/train/ai/129_biggan_00023.png,128,128,PNG,RGB,0.031708717346191406,True
/content/genimage_sample/biggan/raw/imagenet_ai_0419_biggan/train/ai/127_biggan_00087.png,128,128,PNG,RGB,0.01894378662109375,True
/content/genimage_sample/biggan/raw/imagenet_ai_0419_biggan/train/ai/944_biggan_00053.png,128,128,PNG,RGB,0.03413200378417969,True
/content/genimage_sample/biggan/raw/imagenet_ai_0419_biggan/train/ai/147_biggan_00022.png,128,128,PNG,RGB,0.03070068359375,True
/content/genimage_sample/biggan/raw/imagenet_ai_0419_biggan/train/ai/044_biggan_00131.png,128,128,PNG,RGB,0.026458740234375,True
/content/genimage_sample/biggan/raw/imagenet_ai_0419_biggan/train/ai/214_biggan_00021.png,128,128,PNG,RGB,0.03304290771484375,True
/content/genimage_sample/biggan/raw/imagenet_ai_0419_biggan/train/ai/824_biggan_00101.png,128,128,PNG,RGB,0.03525543212890625,True
/content/genimage_sample/biggan/raw/imagenet_ai_0419_biggan/train/ai/307_biggan_00058.png,128,128,PNG,RGB,0.03667736053466797,True
/content/genimage_sample/biggan/raw/imagenet_ai_0419_biggan/train/ai/510_biggan_00091.png,128,128,PNG,RGB,0.022066116333007812,True
/content/genimage_sample/biggan/raw/imagenet_ai_0419_biggan/train/ai/290_biggan_00050.png,128,128,PNG,RGB,0.03856372833251953,True
/content/genimage_sample/biggan/raw/imagenet_ai_0419_biggan/train/ai/251_biggan_00107.png,128,128,PNG,RGB,0.03583526611328125,True
/content/genimage_sample/biggan/raw/imagenet_ai_0419_biggan/train/ai/771_biggan_00105.png,128,128,PNG,RGB,0.01935863494873047,True
/content/genimage_sample/biggan/raw/imagenet_ai_0419_biggan/train/ai/071_biggan_00068.png,128,128,PNG,RGB,0.03144645690917969,True
/content/genimage_sample/biggan/raw/imagenet_ai_0419_biggan/train/ai/250_biggan_00097.png,128,128,PNG,RGB,0.023906707763671875,True
/content/genimage_sample/biggan/raw/imagenet_ai_0419_biggan/train/ai/342_biggan_00144.png,128,128,PNG,RGB,0.03855705261230469,True
/content/genimage_sample/biggan/raw/imagenet_ai_0419_biggan/train/ai/344_biggan_00012.png,128,128,PNG,RGB,0.024778366088867188,True
/content/genimage_sample/biggan/raw/imagenet_ai_0419_biggan/train/ai/330_biggan_00105.png,128,128,PNG,RGB,0.03525257110595703,True
/content/genimage_sample/biggan/raw/imagenet_ai_0419_biggan/train/ai/321_biggan_00150.png,128,128,PNG,RGB,0.023836135864257812,True
/content/genimage_sample/biggan/raw/imagenet_ai_0419_biggan/train/ai/778_biggan_00182.png,128,128,PNG,RGB,0.02117633819580078,True
/content/genimage_sample/biggan/raw/imagenet_ai_0419_biggan/train/ai/683_biggan_00026.png,128,128,PNG,RGB,0.02562713623046875,True
/content/genimage_sample/biggan/raw/imagenet_ai_0419_biggan/train/ai/879_biggan_00004.png,128,128,PNG,RGB,0.019626617431640625,True
/content/genimage_sample/biggan/raw/imagenet_ai_0419_biggan/train/ai/497_biggan_00120.png,128,128,PNG,RGB,0.029770851135253906,True
/content/genimage_sample/biggan/raw/imagenet_ai_0419_biggan/train/ai/172_biggan_00042.png,128,128,PNG,RGB,0.03108501434326172,True
/content/genimage_sample/biggan/raw/imagenet_ai_0419_biggan/train/ai/837_biggan_00105.png,128,128,PNG,RGB,0.026262283325195312,True
/content/genimage_sample/biggan/raw/imagenet_ai_0419_biggan/train/ai/258_biggan_00175.png,128,128,PNG,RGB,0.02399730682373047,True
/content/genimage_sample/biggan/raw/imagenet_ai_0419_biggan/train/ai/578_biggan_00198.png,128,128,PNG,RGB,0.021421432495117188,True
/content/genimage_sample/biggan/raw/imagenet_ai_0419_biggan/train/ai/214_biggan_00067.png,128,128,PNG,RGB,0.033423423767089844,True
/content/genimage_sample/biggan/raw/imagenet_ai_0419_biggan/train/ai/580_biggan_00177.png,128,128,PNG,RGB,0.03691577911376953,True
/content/genimage_sample/biggan/raw/imagenet_ai_0419_biggan/train/ai/109_biggan_00190.png,128,128,PNG,RGB,0.032050132751464844,True
/content/genimage_sample/biggan/raw/imagenet_ai_0419_biggan/train/ai/568_biggan_00046.png,128,128,PNG,RGB,0.028923988342285156,True
/content/genimage_sample/biggan/raw/imagenet_ai_0419_biggan/train/ai/002_biggan_00146.png,128,128,PNG,RGB,0.0154266357421875,True
/content/genimage_sample/biggan/raw/imagenet_ai_0419_biggan/train/ai/917_biggan_00157.png,128,128,PNG,RGB,0.035676002502441406,True
/content/genimage_sample/biggan/raw/imagenet_ai_0419_biggan/train/ai/012_biggan_00130.png,128,128,PNG,RGB,0.026719093322753906,True
/content/genimage_sample/biggan/raw/imagenet_ai_0419_biggan/train/ai/901_biggan_00051.png,128,128,PNG,RGB,0.02621173858642578,True
/content/genimage_sample/biggan/raw/imagenet_ai_0419_biggan/train/ai/810_biggan_00006.png,128,128,PNG,RGB,0.031126976013183594,True
/content/genimage_sample/biggan/raw/imagenet_ai_0419_biggan/train/ai/223_biggan_00167.png,128,128,PNG,RGB,0.035981178283691406,True
/content/genimage_sample/biggan/raw/imagenet_ai_0419_biggan/train/ai/427_biggan_00036.png,128,128,PNG,RGB,0.032423973083496094,True
/content/genimage_sample/biggan/raw/imagenet_ai_0419_biggan/train/ai/436_biggan_00163.png,128,128,PNG,RGB,0.029178619384765625,True
/content/genimage_sample/biggan/raw/imagenet_ai_0419_biggan/train/ai/158_biggan_00086.png,128,128,PNG,RGB,0.025656700134277344,True
/content/genimage_sample/biggan/raw/imagenet_ai_0419_biggan/train/ai/597_biggan_00089.png,128,128,PNG,RGB,0.030364036560058594,True
/content/genimage_sample/biggan/raw/imagenet_ai_0419_biggan/train/ai/352_biggan_00056.png,128,128,PNG,RGB,0.032047271728515625,True
/content/genimage_sample/biggan/raw/imagenet_ai_0419_biggan/train/ai/450_biggan_00123.png,128,128,PNG,RGB,0.028162002563476562,True
/content/genimage_sample/biggan/raw/imagenet_ai_0419_biggan/train/ai/383_biggan_00016.png,128,128,PNG,RGB,0.028417587280273438,True
/content/genimage_sample/biggan/raw/imagenet_ai_0419_biggan/train/ai/177_biggan_00085.png,128,128,PNG,RGB,0.028249740600585938,True
/content/genimage_sample/biggan/raw/imagenet_ai_0419_biggan/train/ai/507_biggan_00093.png,128,128,PNG,RGB,0.031122207641601562,True
/content/genimage_sample/biggan/raw/imagenet_ai_0419_biggan/train/ai/484_biggan_00088.png,128,128,PNG,RGB,0.02210521697998047,True
/content/genimage_sample/biggan/raw/imagenet_ai_0419_biggan/train/ai/359_biggan_00184.png,128,128,PNG,RGB,0.030218124389648438,True
/content/genimage_sample/biggan/raw/imagenet_ai_0419_biggan/train/ai/095_biggan_00055.png,128,128,PNG,RGB,0.026574134826660156,True
/content/genimage_sample/biggan/raw/imagenet_ai_0419_biggan/train/ai/250_biggan_00018.png,128,128,PNG,RGB,0.031241416931152344,True
/content/genimage_sample/biggan/raw/imagenet_ai_0419_biggan/train/ai/741_biggan_00115.png,128,128,PNG,RGB,0.03608894348144531,True
/content/genimage_sample/biggan/raw/imagenet_ai_0419_biggan/train/ai/082_biggan_00044.png,128,128,PNG,RGB,0.031632423400878906,True
/content/genimage_sample/biggan/raw/imagenet_ai_0419_biggan/train/ai/426_biggan_00045.png,128,128,PNG,RGB,0.026482582092285156,True
/content/genimage_sample/biggan/raw/imagenet_ai_0419_biggan/train/ai/061_biggan_00179.png,128,128,PNG,RGB,0.031937599182128906,True
/content/genimage_sample/biggan/raw/imagenet_ai_0419_biggan/train/ai/067_biggan_00137.png,128,128,PNG,RGB,0.03160285949707031,True
/content/genimage_sample/biggan/raw/imagenet_ai_0419_biggan/train/ai/524_biggan_00148.png,128,128,PNG,RGB,0.018945693969726562,True
/content/genimage_sample/biggan/raw/imagenet_ai_0419_biggan/train/ai/092_biggan_00101.png,128,128,PNG,RGB,0.023116111755371094,True
/content/genimage_sample/biggan/raw/imagenet_ai_0419_biggan/train/ai/431_biggan_00153.png,128,128,PNG,RGB,0.02632427215576172,True
/content/genimage_sample/biggan/raw/imagenet_ai_0419_biggan/train/ai/211_biggan_00155.png,128,128,PNG,RGB,0.03162574768066406,True
/content/genimage_sample/biggan/raw/imagenet_ai_0419_biggan/train/ai/201_biggan_00131.png,128,128,PNG,RGB,0.03273487091064453,True
/content/genimage_sample/biggan/raw/imagenet_ai_0419_biggan/train/ai/889_biggan_00134.png,128,128,PNG,RGB,0.02650737762451172,True
/content/genimage_sample/biggan/raw/imagenet_ai_0419_biggan/train/ai/622_biggan_00122.png,128,128,PNG,RGB,0.02034473419189453,True
/content/genimage_sample/biggan/raw/imagenet_ai_0419_biggan/train/ai/872_biggan_00033.png,128,128,PNG,RGB,0.031571388244628906,True
/content/genimage_sample/biggan/raw/imagenet_ai_0419_biggan/train/ai/181_biggan_00006.png,128,128,PNG,RGB,0.026314735412597656,True
/content/genimage_sample/biggan/raw/imagenet_ai_0419_biggan/train/ai/404_biggan_00049.png,128,128,PNG,RGB,0.02670764923095703,True
/content/genimage_sample/biggan/raw/imagenet_ai_0419_biggan/train/ai/093_biggan_00145.png,128,128,PNG,RGB,0.036093711853027344,True
/content/genimage_sample/biggan/raw/imagenet_ai_0419_biggan/train/ai/962_biggan_00172.png,128,128,PNG,RGB,0.031569480895996094,True
/content/genimage_sample/biggan/raw/imagenet_ai_0419_biggan/train/ai/714_biggan_00189.png,128,128,PNG,RGB,0.019266128540039062,True
/content/genimage_sample/biggan/raw/imagenet_ai_0419_biggan/train/ai/247_biggan_00064.png,128,128,PNG,RGB,0.025956153869628906,True
/content/genimage_sample/biggan/raw/imagenet_ai_0419_biggan/train/ai/821_biggan_00150.png,128,128,PNG,RGB,0.03133106231689453,True
/content/genimage_sample/biggan/raw/imagenet_ai_0419_biggan/train/ai/739_biggan_00172.png,128,128,PNG,RGB,0.029813766479492188,True
/content/genimage_sample/biggan/raw/imagenet_ai_0419_biggan/train/ai/896_biggan_00068.png,128,128,PNG,RGB,0.015775680541992188,True
/content/genimage_sample/biggan/raw/imagenet_ai_0419_biggan/train/ai/869_biggan_00193.png,128,128,PNG,RGB,0.027151107788085938,True
/content/genimage_sample/biggan/raw/imagenet_ai_0419_biggan/train/ai/031_biggan_00103.png,128,128,PNG,RGB,0.028106689453125,True
/content/genimage_sample/biggan/raw/imagenet_ai_0419_biggan/train/ai/175_biggan_00083.png,128,128,PNG,RGB,0.030282020568847656,True
/content/genimage_sample/biggan/raw/imagenet_ai_0419_biggan/train/ai/261_biggan_00083.png,128,128,PNG,RGB,0.03087139129638672,True
/content/genimage_sample/biggan/raw/imagenet_ai_0419_biggan/train/ai/485_biggan_00088.png,128,128,PNG,RGB,0.024025917053222656,True
/content/genimage_sample/biggan/raw/imagenet_ai_0419_biggan/train/ai/955_biggan_00104.png,128,128,PNG,RGB,0.036285400390625,True
/content/genimage_sample/biggan/raw/imagenet_ai_0419_biggan/train/ai/599_biggan_00002.png,128,128,PNG,RGB,0.03925037384033203,True
/content/genimage_sample/biggan/raw/imagenet_ai_0419_biggan/train/ai/550_biggan_00091.png,128,128,PNG,RGB,0.021038055419921875,True
/content/genimage_sample/biggan/raw/imagenet_ai_0419_biggan/train/ai/363_biggan_00119.png,128,128,PNG,RGB,0.039012908935546875,True
/content/genimage_sample/biggan/raw/imagenet_ai_0419_biggan/train/ai/507_biggan_00115.png,128,128,PNG,RGB,0.021486282348632812,True
/content/genimage_sample/biggan/raw/imagenet_ai_0419_biggan/train/ai/872_biggan_00113.png,128,128,PNG,RGB,0.024796485900878906,True
/content/genimage_sample/biggan/raw/imagenet_ai_0419_biggan/train/ai/269_biggan_00024.png,128,128,PNG,RGB,0.03465461730957031,True
/content/genimage_sample/biggan/raw/imagenet_ai_0419_biggan/train/ai/920_biggan_00180.png,128,128,PNG,RGB,0.022129058837890625,True
/content/genimage_sample/biggan/raw/imagenet_ai_0419_biggan/train/ai/370_biggan_00093.png,128,128,PNG,RGB,0.029160499572753906,True
/content/genimage_sample/biggan/raw/imagenet_ai_0419_biggan/train/ai/897_biggan_00028.png,128,128,PNG,RGB,0.027147293090820312,True
/content/genimage_sample/biggan/raw/imagenet_ai_0419_biggan/train/ai/118_biggan_00108.png,128,128,PNG,RGB,0.03567314147949219,True
/content/genimage_sample/biggan/raw/imagenet_ai_0419_biggan/train/ai/201_biggan_00196.png,128,128,PNG,RGB,0.02692699432373047,True
/content/genimage_sample/biggan/raw/imagenet_ai_0419_biggan/train/ai/255_biggan_00054.png,128,128,PNG,RGB,0.035400390625,True
/content/genimage_sample/biggan/raw/imagenet_ai_0419_biggan/train/ai/406_biggan_00165.png,128,128,PNG,RGB,0.033507347106933594,True
/content/genimage_sample/biggan/raw/imagenet_ai_0419_biggan/train/ai/827_biggan_00113.png,128,128,PNG,RGB,0.025544166564941406,True
/content/genimage_sample/biggan/raw/imagenet_ai_0419_biggan/train/ai/112_biggan_00067.png,128,128,PNG,RGB,0.03346061706542969,True
/content/genimage_sample/biggan/raw/imagenet_ai_0419_biggan/train/ai/564_biggan_00150.png,128,128,PNG,RGB,0.028598785400390625,True
/content/genimage_sample/biggan/raw/imagenet_ai_0419_biggan/train/ai/725_biggan_00184.png,128,128,PNG,RGB,0.02705097198486328,True
/content/genimage_sample/biggan/raw/imagenet_ai_0419_biggan/train/ai/121_biggan_00193.png,128,128,PNG,RGB,0.03649330139160156,True
/content/genimage_sample/biggan/raw/imagenet_ai_0419_biggan/train/ai/615_biggan_00022.png,128,128,PNG,RGB,0.018594741821289062,True
/content/genimage_sample/biggan/raw/imagenet_ai_0419_biggan/train/ai/820_biggan_00121.png,128,128,PNG,RGB,0.030073165893554688,True
/content/genimage_sample/biggan/raw/imagenet_ai_0419_biggan/train/ai/945_biggan_00060.png,128,128,PNG,RGB,0.025587081909179688,True
/content/genimage_sample/biggan/raw/imagenet_ai_0419_biggan/train/ai/765_biggan_00070.png,128,128,PNG,RGB,0.028135299682617188,True
/content/genimage_sample/biggan/raw/imagenet_ai_0419_biggan/train/ai/974_biggan_00036.png,128,128,PNG,RGB,0.02648162841796875,True
/content/genimage_sample/biggan/raw/imagenet_ai_0419_biggan/train/ai/895_biggan_00046.png,128,128,PNG,RGB,0.020401954650878906,True
/content/genimage_sample/biggan/raw/imagenet_ai_0419_biggan/train/ai/421_biggan_00189.png,128,128,PNG,RGB,0.02335834503173828,True
/content/genimage_sample/biggan/raw/imagenet_ai_0419_biggan/train/ai/684_biggan_00141.png,128,128,PNG,RGB,0.02109241485595703,True
/content/genimage_sample/biggan/raw/imagenet_ai_0419_biggan/train/ai/247_biggan_00063.png,128,128,PNG,RGB,0.03110790252685547,True
/content/genimage_sample/biggan/raw/imagenet_ai_0419_biggan/train/ai/657_biggan_00021.png,128,128,PNG,RGB,0.029580116271972656,True
/content/genimage_sample/biggan/raw/imagenet_ai_0419_biggan/train/ai/113_biggan_00049.png,128,128,PNG,RGB,0.03336048126220703,True
/content/genimage_sample/biggan/raw/imagenet_ai_0419_biggan/train/ai/110_biggan_00175.png,128,128,PNG,RGB,0.03325176239013672,True
/content/genimage_sample/biggan/raw/imagenet_ai_0419_biggan/train/ai/187_biggan_00028.png,128,128,PNG,RGB,0.034348487854003906,True
/content/genimage_sample/biggan/raw/imagenet_ai_0419_biggan/train/ai/498_biggan_00162.png,128,128,PNG,RGB,0.02106952667236328,True
/content/genimage_sample/biggan/raw/imagenet_ai_0419_biggan/train/ai/348_biggan_00083.png,128,128,PNG,RGB,0.03361988067626953,True
/content/genimage_sample/biggan/raw/imagenet_ai_0419_biggan/train/ai/605_biggan_00011.png,128,128,PNG,RGB,0.01906299591064453,True
/content/genimage_sample/biggan/raw/imagenet_ai_0419_biggan/train/ai/098_biggan_00016.png,128,128,PNG,RGB,0.021806716918945312,True
/content/genimage_sample/biggan/raw/imagenet_ai_0419_biggan/train/ai/076_biggan_00051.png,128,128,PNG,RGB,0.03632831573486328,True
/content/genimage_sample/biggan/raw/imagenet_ai_0419_biggan/train/ai/165_biggan_00078.png,128,128,PNG,RGB,0.032273292541503906,True
/content/genimage_sample/biggan/raw/imagenet_ai_0419_biggan/train/ai/163_biggan_00086.png,128,128,PNG,RGB,0.035696983337402344,True
/content/genimage_sample/biggan/raw/imagenet_ai_0419_biggan/train/ai/386_biggan_00050.png,128,128,PNG,RGB,0.030748367309570312,True
/content/genimage_sample/biggan/raw/imagenet_ai_0419_biggan/train/ai/312_biggan_00103.png,128,128,PNG,RGB,0.027238845825195312,True
/content/genimage_sample/biggan/raw/imagenet_ai_0419_biggan/train/ai/070_biggan_00062.png,128,128,PNG,RGB,0.03316020965576172,True
/content/genimage_sample/biggan/raw/imagenet_ai_0419_biggan/train/ai/180_biggan_00102.png,128,128,PNG,RGB,0.024364471435546875,True
/content/genimage_sample/biggan/raw/imagenet_ai_0419_biggan/train/ai/354_biggan_00178.png,128,128,PNG,RGB,0.02842998504638672,True
/content/genimage_sample/biggan/raw/imagenet_ai_0419_biggan/train/ai/914_biggan_00124.png,128,128,PNG,RGB,0.024814605712890625,True
/content/genimage_sample/biggan/raw/imagenet_ai_0419_biggan/train/ai/613_biggan_00104.png,128,128,PNG,RGB,0.025363922119140625,True
/content/genimage_sample/biggan/raw/imagenet_ai_0419_biggan/train/ai/680_biggan_00070.png,128,128,PNG,RGB,0.0231475830078125,True
/content/genimage_sample/biggan/raw/imagenet_ai_0419_biggan/train/ai/401_biggan_00032.png,128,128,PNG,RGB,0.017073631286621094,True
/content/genimage_sample/biggan/raw/imagenet_ai_0419_biggan/train/ai/203_biggan_00101.png,128,128,PNG,RGB,0.028349876403808594,True
/content/genimage_sample/biggan/raw/imagenet_ai_0419_biggan/train/ai/882_biggan_00171.png,128,128,PNG,RGB,0.026609420776367188,True
/content/genimage_sample/biggan/raw/imagenet_ai_0419_biggan/train/ai/817_biggan_00149.png,128,128,PNG,RGB,0.023215293884277344,True
/content/genimage_sample/biggan/raw/imagenet_ai_0419_biggan/train/ai/489_biggan_00105.png,128,128,PNG,RGB,0.038771629333496094,True
/content/genimage_sample/biggan/raw/imagenet_ai_0419_biggan/train/ai/899_biggan_00066.png,128,128,PNG,RGB,0.022269248962402344,True
/content/genimage_sample/biggan/raw/imagenet_ai_0419_biggan/train/ai/682_biggan_00148.png,128,128,PNG,RGB,0.020272254943847656,True
/content/genimage_sample/biggan/raw/imagenet_ai_0419_biggan/train/ai/107_biggan_00021.png,128,128,PNG,RGB,0.007405281066894531,True
/content/genimage_sample/biggan/raw/imagenet_ai_0419_biggan/train/ai/534_biggan_00063.png,128,128,PNG,RGB,0.02797985076904297,True
/content/genimage_sample/biggan/raw/imagenet_ai_0419_biggan/train/ai/152_biggan_00124.png,128,128,PNG,RGB,0.02587127685546875,True
/content/genimage_sample/biggan/raw/imagenet_ai_0419_biggan/train/ai/644_biggan_00156.png,128,128,PNG,RGB,0.020809173583984375,True
/content/genimage_sample/biggan/raw/imagenet_ai_0419_biggan/train/ai/225_biggan_00159.png,128,128,PNG,RGB,0.028809547424316406,True
/content/genimage_sample/biggan/raw/imagenet_ai_0419_biggan/train/ai/432_biggan_00002.png,128,128,PNG,RGB,0.021556854248046875,True
/content/genimage_sample/biggan/raw/imagenet_ai_0419_biggan/train/ai/428_biggan_00007.png,128,128,PNG,RGB,0.03468894958496094,True
/content/genimage_sample/biggan/raw/imagenet_ai_0419_biggan/train/ai/376_biggan_00096.png,128,128,PNG,RGB,0.03620338439941406,True
/content/genimage_sample/biggan/raw/imagenet_ai_0419_biggan/train/ai/356_biggan_00141.png,128,128,PNG,RGB,0.03728008270263672,True
/content/genimage_sample/biggan/raw/imagenet_ai_0419_biggan/train/ai/678_biggan_00076.png,128,128,PNG,RGB,0.027393341064453125,True
/content/genimage_sample/biggan/raw/imagenet_ai_0419_biggan/train/ai/527_biggan_00162.png,128,128,PNG,RGB,0.02139568328857422,True
/content/genimage_sample/biggan/raw/imagenet_ai_0419_biggan/train/ai/858_biggan_00045.png,128,128,PNG,RGB,0.03478813171386719,True
/content/genimage_sample/biggan/raw/imagenet_ai_0419_biggan/train/ai/217_biggan_00061.png,128,128,PNG,RGB,0.029073715209960938,True
/content/genimage_sample/biggan/raw/imagenet_ai_0419_biggan/train/ai/062_biggan_00131.png,128,128,PNG,RGB,0.03601264953613281,True
/content/genimage_sample/biggan/raw/imagenet_ai_0419_biggan/train/ai/042_biggan_00185.png,128,128,PNG,RGB,0.02853870391845703,True
/content/genimage_sample/biggan/raw/imagenet_ai_0419_biggan/train/ai/524_biggan_00107.png,128,128,PNG,RGB,0.022620201110839844,True
/content/genimage_sample/biggan/raw/imagenet_ai_0419_biggan/train/ai/807_biggan_00167.png,128,128,PNG,RGB,0.03575420379638672,True
/content/genimage_sample/biggan/raw/imagenet_ai_0419_biggan/train/ai/114_biggan_00175.png,128,128,PNG,RGB,0.034972190856933594,True
/content/genimage_sample/biggan/raw/imagenet_ai_0419_biggan/train/ai/165_biggan_00170.png,128,128,PNG,RGB,0.025369644165039062,True
/content/genimage_sample/biggan/raw/imagenet_ai_0419_biggan/train/ai/742_biggan_00101.png,128,128,PNG,RGB,0.02899646759033203,True
/content/genimage_sample/biggan/raw/imagenet_ai_0419_biggan/train/ai/276_biggan_00183.png,128,128,PNG,RGB,0.026953697204589844,True
/content/genimage_sample/biggan/raw/imagenet_ai_0419_biggan/train/ai/867_biggan_00160.png,128,128,PNG,RGB,0.023668289184570312,True
/content/genimage_sample/biggan/raw/imagenet_ai_0419_biggan/train/ai/486_biggan_00196.png,128,128,PNG,RGB,0.02723407745361328,True
/content/genimage_sample/biggan/raw/imagenet_ai_0419_biggan/train/ai/769_biggan_00017.png,128,128,PNG,RGB,0.015628814697265625,True
/content/genimage_sample/biggan/raw/imagenet_ai_0419_biggan/train/ai/981_biggan_00113.png,128,128,PNG,RGB,0.02812671661376953,True
/content/genimage_sample/biggan/raw/imagenet_ai_0419_biggan/train/ai/090_biggan_00103.png,128,128,PNG,RGB,0.026525497436523438,True
/content/genimage_sample/biggan/raw/imagenet_ai_0419_biggan/train/ai/908_biggan_00043.png,128,128,PNG,RGB,0.023171424865722656,True
/content/genimage_sample/biggan/raw/imagenet_ai_0419_biggan/train/ai/761_biggan_00130.png,128,128,PNG,RGB,0.022559165954589844,True
/content/genimage_sample/biggan/raw/imagenet_ai_0419_biggan/train/ai/300_biggan_00138.png,128,128,PNG,RGB,0.037413597106933594,True
/content/genimage_sample/biggan/raw/imagenet_ai_0419_biggan/train/ai/500_biggan_00095.png,128,128,PNG,RGB,0.03492164611816406,True
/content/genimage_sample/biggan/raw/imagenet_ai_0419_biggan/train/ai/166_biggan_00067.png,128,128,PNG,RGB,0.033928871154785156,True
/content/genimage_sample/biggan/raw/imagenet_ai_0419_biggan/train/ai/918_biggan_00016.png,128,128,PNG,RGB,0.02872180938720703,True
/content/genimage_sample/biggan/raw/imagenet_ai_0419_biggan/train/ai/048_biggan_00047.png,128,128,PNG,RGB,0.0330963134765625,True
/content/genimage_sample/biggan/raw/imagenet_ai_0419_biggan/train/ai/281_biggan_00120.png,128,128,PNG,RGB,0.033638954162597656,True
/content/genimage_sample/biggan/raw/imagenet_ai_0419_biggan/train/ai/964_biggan_00052.png,128,128,PNG,RGB,0.028676986694335938,True
/content/genimage_sample/biggan/raw/imagenet_ai_0419_biggan/train/ai/422_biggan_00137.png,128,128,PNG,RGB,0.026595115661621094,True
/content/genimage_sample/biggan/raw/imagenet_ai_0419_biggan/train/ai/631_biggan_00153.png,128,128,PNG,RGB,0.02616405487060547,True
/content/genimage_sample/biggan/raw/imagenet_ai_0419_biggan/train/ai/892_biggan_00141.png,128,128,PNG,RGB,0.02811145782470703,True
/content/genimage_sample/biggan/raw/imagenet_ai_0419_biggan/train/ai/117_biggan_00077.png,128,128,PNG,RGB,0.02621936798095703,True
/content/genimage_sample/biggan/raw/imagenet_ai_0419_biggan/train/ai/396_biggan_00056.png,128,128,PNG,RGB,0.028814315795898438,True
/content/genimage_sample/biggan/raw/imagenet_ai_0419_biggan/train/ai/996_biggan_00001.png,128,128,PNG,RGB,0.037789344787597656,True
/content/genimage_sample/biggan/raw/imagenet_ai_0419_biggan/train/ai/706_biggan_00034.png,128,128,PNG,RGB,0.02791881561279297,True
/content/genimage_sample/biggan/raw/imagenet_ai_0419_biggan/train/ai/353_biggan_00157.png,128,128,PNG,RGB,0.029438018798828125,True
/content/genimage_sample/biggan/raw/imagenet_ai_0419_biggan/train/ai/402_biggan_00073.png,128,128,PNG,RGB,0.028661727905273438,True
/content/genimage_sample/biggan/raw/imagenet_ai_0419_biggan/train/ai/176_biggan_00162.png,128,128,PNG,RGB,0.03185558319091797,True
/content/genimage_sample/biggan/raw/imagenet_ai_0419_biggan/train/ai/450_biggan_00165.png,128,128,PNG,RGB,0.020015716552734375,True
/content/genimage_sample/biggan/raw/imagenet_ai_0419_biggan/train/ai/939_biggan_00098.png,128,128,PNG,RGB,0.03166389465332031,True
/content/genimage_sample/biggan/raw/imagenet_ai_0419_biggan/train/ai/138_biggan_00119.png,128,128,PNG,RGB,0.03347015380859375,True
/content/genimage_sample/biggan/raw/imagenet_ai_0419_biggan/train/ai/156_biggan_00169.png,128,128,PNG,RGB,0.03215980529785156,True
/content/genimage_sample/biggan/raw/imagenet_ai_0419_biggan/train/ai/697_biggan_00103.png,128,128,PNG,RGB,0.029526710510253906,True
/content/genimage_sample/biggan/raw/imagenet_ai_0419_biggan/train/ai/841_biggan_00063.png,128,128,PNG,RGB,0.01930713653564453,True
/content/genimage_sample/biggan/raw/imagenet_ai_0419_biggan/train/ai/867_biggan_00137.png,128,128,PNG,RGB,0.024587631225585938,True
/content/genimage_sample/biggan/raw/imagenet_ai_0419_biggan/train/ai/428_biggan_00122.png,128,128,PNG,RGB,0.041184425354003906,True
/content/genimage_sample/biggan/raw/imagenet_ai_0419_biggan/train/ai/853_biggan_00172.png,128,128,PNG,RGB,0.033522605895996094,True
/content/genimage_sample/biggan/raw/imagenet_ai_0419_biggan/train/ai/480_biggan_00026.png,128,128,PNG,RGB,0.026841163635253906,True
/content/genimage_sample/biggan/raw/imagenet_ai_0419_biggan/train/ai/081_biggan_00030.png,128,128,PNG,RGB,0.037926673889160156,True
/content/genimage_sample/biggan/raw/imagenet_ai_0419_biggan/train/ai/258_biggan_00070.png,128,128,PNG,RGB,0.019634246826171875,True
/content/genimage_sample/biggan/raw/imagenet_ai_0419_biggan/train/ai/368_biggan_00155.png,128,128,PNG,RGB,0.03765296936035156,True
/content/genimage_sample/biggan/raw/imagenet_ai_0419_biggan/train/ai/640_biggan_00044.png,128,128,PNG,RGB,0.037245750427246094,True
/content/genimage_sample/biggan/raw/imagenet_ai_0419_biggan/train/ai/764_biggan_00171.png,128,128,PNG,RGB,0.020124435424804688,True
/content/genimage_sample/biggan/raw/imagenet_ai_0419_biggan/train/ai/382_biggan_00101.png,128,128,PNG,RGB,0.038532257080078125,True
/content/genimage_sample/biggan/raw/imagenet_ai_0419_biggan/train/ai/401_biggan_00114.png,128,128,PNG,RGB,0.032729148864746094,True
/content/genimage_sample/biggan/raw/imagenet_ai_0419_biggan/train/ai/705_biggan_00121.png,128,128,PNG,RGB,0.02976226806640625,True
/content/genimage_sample/biggan/raw/imagenet_ai_0419_biggan/train/ai/005_biggan_00052.png,128,128,PNG,RGB,0.03358745574951172,True
/content/genimage_sample/biggan/raw/imagenet_ai_0419_biggan/train/ai/450_biggan_00145.png,128,128,PNG,RGB,0.026526451110839844,True
/content/genimage_sample/biggan/raw/imagenet_ai_0419_biggan/train/ai/623_biggan_00062.png,128,128,PNG,RGB,0.020114898681640625,True
/content/genimage_sample/biggan/raw/imagenet_ai_0419_biggan/train/ai/862_biggan_00001.png,128,128,PNG,RGB,0.02810382843017578,True
/content/genimage_sample/biggan/raw/imagenet_ai_0419_biggan/train/ai/339_biggan_00004.png,128,128,PNG,RGB,0.03334617614746094,True
/content/genimage_sample/biggan/raw/imagenet_ai_0419_biggan/train/ai/703_biggan_00105.png,128,128,PNG,RGB,0.03152656555175781,True
/content/genimage_sample/biggan/raw/imagenet_ai_0419_biggan/train/ai/241_biggan_00043.png,128,128,PNG,RGB,0.03332328796386719,True
/content/genimage_sample/biggan/raw/imagenet_ai_0419_biggan/train/ai/613_biggan_00051.png,128,128,PNG,RGB,0.02517223358154297,True
/content/genimage_sample/biggan/raw/imagenet_ai_0419_biggan/train/ai/734_biggan_00044.png,128,128,PNG,RGB,0.026348114013671875,True
/content/genimage_sample/biggan/raw/imagenet_ai_0419_biggan/train/ai/733_biggan_00138.png,128,128,PNG,RGB,0.01748180389404297,True
/content/genimage_sample/biggan/raw/imagenet_ai_0419_biggan/train/ai/965_biggan_00018.png,128,128,PNG,RGB,0.034317970275878906,True
/content/genimage_sample/biggan/raw/imagenet_ai_0419_biggan/train/ai/730_biggan_00115.png,128,128,PNG,RGB,0.03308296203613281,True
/content/genimage_sample/biggan/raw/imagenet_ai_0419_biggan/train/ai/790_biggan_00105.png,128,128,PNG,RGB,0.02499866485595703,True
/content/genimage_sample/biggan/raw/imagenet_ai_0419_biggan/train/ai/360_biggan_00145.png,128,128,PNG,RGB,0.024690628051757812,True
/content/genimage_sample/biggan/raw/imagenet_ai_0419_biggan/train/ai/393_biggan_00046.png,128,128,PNG,RGB,0.03567314147949219,True
/content/genimage_sample/biggan/raw/imagenet_ai_0419_biggan/train/ai/094_biggan_00175.png,128,128,PNG,RGB,0.02348804473876953,True
/content/genimage_sample/biggan/raw/imagenet_ai_0419_biggan/train/ai/859_biggan_00089.png,128,128,PNG,RGB,0.0158843994140625,True
/content/genimage_sample/biggan/raw/imagenet_ai_0419_biggan/train/ai/329_biggan_00089.png,128,128,PNG,RGB,0.03457450866699219,True
/content/genimage_sample/biggan/raw/imagenet_ai_0419_biggan/train/ai/556_biggan_00114.png,128,128,PNG,RGB,0.02562999725341797,True
/content/genimage_sample/biggan/raw/imagenet_ai_0419_biggan/train/ai/743_biggan_00085.png,128,128,PNG,RGB,0.026694297790527344,True
/content/genimage_sample/biggan/raw/imagenet_ai_0419_biggan/train/ai/932_biggan_00082.png,128,128,PNG,RGB,0.031337738037109375,True
/content/genimage_sample/biggan/raw/imagenet_ai_0419_biggan/train/ai/685_biggan_00084.png,128,128,PNG,RGB,0.025754928588867188,True
/content/genimage_sample/biggan/raw/imagenet_ai_0419_biggan/train/ai/395_biggan_00059.png,128,128,PNG,RGB,0.03224468231201172,True
/content/genimage_sample/biggan/raw/imagenet_ai_0419_biggan/train/ai/511_biggan_00123.png,128,128,PNG,RGB,0.02800273895263672,True
/content/genimage_sample/biggan/raw/imagenet_ai_0419_biggan/train/ai/311_biggan_00033.png,128,128,PNG,RGB,0.023835182189941406,True
/content/genimage_sample/biggan/raw/imagenet_ai_0419_biggan/train/ai/874_biggan_00152.png,128,128,PNG,RGB,0.02971649169921875,True
/content/genimage_sample/biggan/raw/imagenet_ai_0419_biggan/train/ai/074_biggan_00032.png,128,128,PNG,RGB,0.02671527862548828,True
/content/genimage_sample/biggan/raw/imagenet_ai_0419_biggan/train/ai/325_biggan_00098.png,128,128,PNG,RGB,0.02222442626953125,True
/content/genimage_sample/biggan/raw/imagenet_ai_0419_biggan/train/ai/845_biggan_00187.png,128,128,PNG,RGB,0.02375030517578125,True
/content/genimage_sample/biggan/raw/imagenet_ai_0419_biggan/train/ai/709_biggan_00011.png,128,128,PNG,RGB,0.026223182678222656,True
/content/genimage_sample/biggan/raw/imagenet_ai_0419_biggan/train/ai/744_biggan_00169.png,128,128,PNG,RGB,0.01831531524658203,True
/content/genimage_sample/biggan/raw/imagenet_ai_0419_biggan/train/ai/908_biggan_00078.png,128,128,PNG,RGB,0.020547866821289062,True
/content/genimage_sample/biggan/raw/imagenet_ai_0419_biggan/train/ai/011_biggan_00126.png,128,128,PNG,RGB,0.03484535217285156,True
/content/genimage_sample/biggan/raw/imagenet_ai_0419_biggan/train/ai/468_biggan_00057.png,128,128,PNG,RGB,0.030328750610351562,True
/content/genimage_sample/biggan/raw/imagenet_ai_0419_biggan/train/ai/403_biggan_00155.png,128,128,PNG,RGB,0.023241043090820312,True
/content/genimage_sample/biggan/raw/imagenet_ai_0419_biggan/train/ai/508_biggan_00081.png,128,128,PNG,RGB,0.01953887939453125,True
/content/genimage_sample/biggan/raw/imagenet_ai_0419_biggan/train/ai/262_biggan_00187.png,128,128,PNG,RGB,0.02975177764892578,True
/content/genimage_sample/biggan/raw/imagenet_ai_0419_biggan/train/ai/159_biggan_00053.png,128,128,PNG,RGB,0.02318859100341797,True
/content/genimage_sample/biggan/raw/imagenet_ai_0419_biggan/train/ai/651_biggan_00102.png,128,128,PNG,RGB,0.018385887145996094,True
/content/genimage_sample/biggan/raw/imagenet_ai_0419_biggan/train/ai/225_biggan_00186.png,128,128,PNG,RGB,0.026696205139160156,True
/content/genimage_sample/biggan/raw/imagenet_ai_0419_biggan/train/ai/207_biggan_00152.png,128,128,PNG,RGB,0.026393890380859375,True
/content/genimage_sample/biggan/raw/imagenet_ai_0419_biggan/train/ai/619_biggan_00004.png,128,128,PNG,RGB,0.02072429656982422,True
/content/genimage_sample/biggan/raw/imagenet_ai_0419_biggan/train/ai/267_biggan_00045.png,128,128,PNG,RGB,0.03334522247314453,True
/content/genimage_sample/biggan/raw/imagenet_ai_0419_biggan/train/ai/666_biggan_00048.png,128,128,PNG,RGB,0.02205181121826172,True
/content/genimage_sample/biggan/raw/imagenet_ai_0419_biggan/train/ai/585_biggan_00154.png,128,128,PNG,RGB,0.021869659423828125,True
/content/genimage_sample/biggan/raw/imagenet_ai_0419_biggan/train/ai/934_biggan_00053.png,128,128,PNG,RGB,0.031516075134277344,True
/content/genimage_sample/biggan/raw/imagenet_ai_0419_biggan/train/ai/239_biggan_00126.png,128,128,PNG,RGB,0.02959728240966797,True
/content/genimage_sample/biggan/raw/imagenet_ai_0419_biggan/train/ai/590_biggan_00013.png,128,128,PNG,RGB,0.02222919464111328,True
/content/genimage_sample/biggan/raw/imagenet_ai_0419_biggan/train/ai/649_biggan_00032.png,128,128,PNG,RGB,0.026065826416015625,True
/content/genimage_sample/biggan/raw/imagenet_ai_0419_biggan/train/ai/368_biggan_00058.png,128,128,PNG,RGB,0.04015064239501953,True
/content/genimage_sample/biggan/raw/imagenet_ai_0419_biggan/train/ai/389_biggan_00154.png,128,128,PNG,RGB,0.030854225158691406,True
/content/genimage_sample/biggan/raw/imagenet_ai_0419_biggan/train/ai/429_biggan_00113.png,128,128,PNG,RGB,0.024900436401367188,True
/content/genimage_sample/biggan/raw/imagenet_ai_0419_biggan/train/ai/951_biggan_00193.png,128,128,PNG,RGB,0.024038314819335938,True
/content/genimage_sample/biggan/raw/imagenet_ai_0419_biggan/train/ai/685_biggan_00083.png,128,128,PNG,RGB,0.02619457244873047,True
/content/genimage_sample/biggan/raw/imagenet_ai_0419_biggan/train/ai/585_biggan_00042.png,128,128,PNG,RGB,0.01348114013671875,True
/content/genimage_sample/biggan/raw/imagenet_ai_0419_biggan/train/ai/682_biggan_00134.png,128,128,PNG,RGB,0.016959190368652344,True
/content/genimage_sample/biggan/raw/imagenet_ai_0419_biggan/train/ai/289_biggan_00017.png,128,128,PNG,RGB,0.03676033020019531,True
/content/genimage_sample/biggan/raw/imagenet_ai_0419_biggan/train/ai/140_biggan_00136.png,128,128,PNG,RGB,0.024842262268066406,True
/content/genimage_sample/biggan/raw/imagenet_ai_0419_biggan/train/ai/307_biggan_00115.png,128,128,PNG,RGB,0.02977275848388672,True
/content/genimage_sample/biggan/raw/imagenet_ai_0419_biggan/train/ai/003_biggan_00097.png,128,128,PNG,RGB,0.016384124755859375,True
/content/genimage_sample/biggan/raw/imagenet_ai_0419_biggan/train/ai/882_biggan_00098.png,128,128,PNG,RGB,0.030870437622070312,True
/content/genimage_sample/biggan/raw/imagenet_ai_0419_biggan/train/ai/478_biggan_00084.png,128,128,PNG,RGB,0.018978118896484375,True
/content/genimage_sample/biggan/raw/imagenet_ai_0419_biggan/train/ai/255_biggan_00183.png,128,128,PNG,RGB,0.030225753784179688,True
/content/genimage_sample/biggan/raw/imagenet_ai_0419_biggan/train/ai/785_biggan_00169.png,128,128,PNG,RGB,0.02344799041748047,True
/content/genimage_sample/biggan/raw/imagenet_ai_0419_biggan/train/ai/423_biggan_00177.png,128,128,PNG,RGB,0.026014328002929688,True
/content/genimage_sample/biggan/raw/imagenet_ai_0419_biggan/train/ai/893_biggan_00060.png,128,128,PNG,RGB,0.020343780517578125,True
/content/genimage_sample/biggan/raw/imagenet_ai_0419_biggan/train/ai/717_biggan_00012.png,128,128,PNG,RGB,0.029747962951660156,True
/content/genimage_sample/biggan/raw/imagenet_ai_0419_biggan/train/ai/640_biggan_00088.png,128,128,PNG,RGB,0.03800487518310547,True
/content/genimage_sample/biggan/raw/imagenet_ai_0419_biggan/train/ai/266_biggan_00082.png,128,128,PNG,RGB,0.03171348571777344,True
/content/genimage_sample/biggan/raw/imagenet_ai_0419_biggan/train/ai/038_biggan_00059.png,128,128,PNG,RGB,0.03387451171875,True
/content/genimage_sample/biggan/raw/imagenet_ai_0419_biggan/train/ai/531_biggan_00040.png,128,128,PNG,RGB,0.02424144744873047,True
/content/genimage_sample/biggan/raw/imagenet_ai_0419_biggan/train/ai/798_biggan_00118.png,128,128,PNG,RGB,0.0270538330078125,True
/content/genimage_sample/biggan/raw/imagenet_ai_0419_biggan/train/ai/544_biggan_00132.png,128,128,PNG,RGB,0.02902698516845703,True
/content/genimage_sample/biggan/raw/imagenet_ai_0419_biggan/train/ai/064_biggan_00062.png,128,128,PNG,RGB,0.035180091857910156,True
/content/genimage_sample/biggan/raw/imagenet_ai_0419_biggan/train/ai/370_biggan_00126.png,128,128,PNG,RGB,0.03820610046386719,True
/content/genimage_sample/biggan/raw/imagenet_ai_0419_biggan/train/ai/396_biggan_00031.png,128,128,PNG,RGB,0.02612590789794922,True
/content/genimage_sample/biggan/raw/imagenet_ai_0419_biggan/train/ai/051_biggan_00185.png,128,128,PNG,RGB,0.03094768524169922,True
/content/genimage_sample/biggan/raw/imagenet_ai_0419_biggan/train/ai/040_biggan_00094.png,128,128,PNG,RGB,0.03486824035644531,True
/content/genimage_sample/biggan/raw/imagenet_ai_0419_biggan/train/ai/307_biggan_00157.png,128,128,PNG,RGB,0.01970195770263672,True
/content/genimage_sample/biggan/raw/imagenet_ai_0419_biggan/train/ai/015_biggan_00013.png,128,128,PNG,RGB,0.03629589080810547,True
/content/genimage_sample/biggan/raw/imagenet_ai_0419_biggan/train/ai/905_biggan_00196.png,128,128,PNG,RGB,0.022042274475097656,True
/content/genimage_sample/biggan/raw/imagenet_ai_0419_biggan/train/ai/433_biggan_00052.png,128,128,PNG,RGB,0.031357765197753906,True
/content/genimage_sample/biggan/raw/imagenet_ai_0419_biggan/train/ai/151_biggan_00121.png,128,128,PNG,RGB,0.027655601501464844,True
/content/genimage_sample/biggan/raw/imagenet_ai_0419_biggan/train/ai/658_biggan_00138.png,128,128,PNG,RGB,0.028491973876953125,True
/content/genimage_sample/biggan/raw/imagenet_ai_0419_biggan/train/ai/872_biggan_00160.png,128,128,PNG,RGB,0.0282135009765625,True
/content/genimage_sample/biggan/raw/imagenet_ai_0419_biggan/train/ai/786_biggan_00083.png,128,128,PNG,RGB,0.020946502685546875,True
/content/genimage_sample/biggan/raw/imagenet_ai_0419_biggan/train/ai/000_biggan_00182.png,128,128,PNG,RGB,0.02985095977783203,True
/content/genimage_sample/biggan/raw/imagenet_ai_0419_biggan/train/ai/868_biggan_00180.png,128,128,PNG,RGB,0.03135967254638672,True
/content/genimage_sample/biggan/raw/imagenet_ai_0419_biggan/train/ai/254_biggan_00150.png,128,128,PNG,RGB,0.034140586853027344,True
/content/genimage_sample/biggan/raw/imagenet_ai_0419_biggan/train/ai/736_biggan_00057.png,128,128,PNG,RGB,0.011127471923828125,True
/content/genimage_sample/biggan/raw/imagenet_ai_0419_biggan/train/ai/944_biggan_00096.png,128,128,PNG,RGB,0.03391075134277344,True
/content/genimage_sample/biggan/raw/imagenet_ai_0419_biggan/train/ai/034_biggan_00007.png,128,128,PNG,RGB,0.028484344482421875,True
/content/genimage_sample/biggan/raw/imagenet_ai_0419_biggan/train/ai/051_biggan_00085.png,128,128,PNG,RGB,0.03167915344238281,True
/content/genimage_sample/biggan/raw/imagenet_ai_0419_biggan/train/ai/921_biggan_00165.png,128,128,PNG,RGB,0.02660083770751953,True
/content/genimage_sample/biggan/raw/imagenet_ai_0419_biggan/train/ai/186_biggan_00128.png,128,128,PNG,RGB,0.02919483184814453,True
/content/genimage_sample/biggan/raw/imagenet_ai_0419_biggan/train/ai/550_biggan_00115.png,128,128,PNG,RGB,0.018268585205078125,True
/content/genimage_sample/biggan/raw/imagenet_ai_0419_biggan/train/ai/000_biggan_00130.png,128,128,PNG,RGB,0.031640052795410156,True
/content/genimage_sample/biggan/raw/imagenet_ai_0419_biggan/train/ai/534_biggan_00137.png,128,128,PNG,RGB,0.028675079345703125,True
/content/genimage_sample/biggan/raw/imagenet_ai_0419_biggan/train/ai/482_biggan_00184.png,128,128,PNG,RGB,0.023286819458007812,True
/content/genimage_sample/biggan/raw/imagenet_ai_0419_biggan/train/ai/886_biggan_00130.png,128,128,PNG,RGB,0.031554222106933594,True
/content/genimage_sample/biggan/raw/imagenet_ai_0419_biggan/train/ai/907_biggan_00128.png,128,128,PNG,RGB,0.025297164916992188,True
/content/genimage_sample/biggan/raw/imagenet_ai_0419_biggan/train/ai/942_biggan_00119.png,128,128,PNG,RGB,0.023700714111328125,True
/content/genimage_sample/biggan/raw/imagenet_ai_0419_biggan/train/ai/180_biggan_00032.png,128,128,PNG,RGB,0.02525806427001953,True
/content/genimage_sample/biggan/raw/imagenet_ai_0419_biggan/train/ai/109_biggan_00012.png,128,128,PNG,RGB,0.037041664123535156,True
/content/genimage_sample/biggan/raw/imagenet_ai_0419_biggan/train/ai/112_biggan_00109.png,128,128,PNG,RGB,0.028352737426757812,True
/content/genimage_sample/biggan/raw/imagenet_ai_0419_biggan/train/ai/081_biggan_00171.png,128,128,PNG,RGB,0.032619476318359375,True
/content/genimage_sample/biggan/raw/imagenet_ai_0419_biggan/train/ai/785_biggan_00096.png,128,128,PNG,RGB,0.02570629119873047,True
/content/genimage_sample/biggan/raw/imagenet_ai_0419_biggan/train/ai/660_biggan_00169.png,128,128,PNG,RGB,0.025678634643554688,True
/content/genimage_sample/biggan/raw/imagenet_ai_0419_biggan/train/ai/952_biggan_00044.png,128,128,PNG,RGB,0.02485179901123047,True
/content/genimage_sample/biggan/raw/imagenet_ai_0419_biggan/train/ai/264_biggan_00082.png,128,128,PNG,RGB,0.027525901794433594,True
/content/genimage_sample/biggan/raw/imagenet_ai_0419_biggan/train/ai/574_biggan_00177.png,128,128,PNG,RGB,0.03591156005859375,True
/content/genimage_sample/biggan/raw/imagenet_ai_0419_biggan/train/ai/173_biggan_00044.png,128,128,PNG,RGB,0.02836322784423828,True
/content/genimage_sample/biggan/raw/imagenet_ai_0419_biggan/train/ai/431_biggan_00146.png,128,128,PNG,RGB,0.02720165252685547,True
/content/genimage_sample/biggan/raw/imagenet_ai_0419_biggan/train/ai/344_biggan_00182.png,128,128,PNG,RGB,0.028799057006835938,True
/content/genimage_sample/biggan/raw/imagenet_ai_0419_biggan/train/ai/149_biggan_00070.png,128,128,PNG,RGB,0.021120071411132812,True
/content/genimage_sample/biggan/raw/imagenet_ai_0419_biggan/train/ai/697_biggan_00181.png,128,128,PNG,RGB,0.029356002807617188,True
/content/genimage_sample/biggan/raw/imagenet_ai_0419_biggan/train/ai/380_biggan_00119.png,128,128,PNG,RGB,0.029718399047851562,True
/content/genimage_sample/biggan/raw/imagenet_ai_0419_biggan/train/ai/132_biggan_00131.png,128,128,PNG,RGB,0.029808998107910156,True
/content/genimage_sample/biggan/raw/imagenet_ai_0419_biggan/train/ai/018_biggan_00114.png,128,128,PNG,RGB,0.035080909729003906,True
/content/genimage_sample/biggan/raw/imagenet_ai_0419_biggan/train/ai/102_biggan_00159.png,128,128,PNG,RGB,0.037993431091308594,True
/content/genimage_sample/biggan/raw/imagenet_ai_0419_biggan/train/ai/286_biggan_00101.png,128,128,PNG,RGB,0.028310775756835938,True
/content/genimage_sample/biggan/raw/imagenet_ai_0419_biggan/train/ai/015_biggan_00128.png,128,128,PNG,RGB,0.03396320343017578,True
/content/genimage_sample/biggan/raw/imagenet_ai_0419_biggan/train/ai/474_biggan_00082.png,128,128,PNG,RGB,0.026079177856445312,True
/content/genimage_sample/biggan/raw/imagenet_ai_0419_biggan/train/ai/678_biggan_00170.png,128,128,PNG,RGB,0.02762317657470703,True
/content/genimage_sample/biggan/raw/imagenet_ai_0419_biggan/train/ai/322_biggan_00185.png,128,128,PNG,RGB,0.03363323211669922,True
/content/genimage_sample/biggan/raw/imagenet_ai_0419_biggan/train/ai/877_biggan_00073.png,128,128,PNG,RGB,0.027983665466308594,True
/content/genimage_sample/biggan/raw/imagenet_ai_0419_biggan/train/ai/211_biggan_00137.png,128,128,PNG,RGB,0.02642059326171875,True
/content/genimage_sample/biggan/raw/imagenet_ai_0419_biggan/train/ai/406_biggan_00070.png,128,128,PNG,RGB,0.02953815460205078,True
/content/genimage_sample/biggan/raw/imagenet_ai_0419_biggan/train/ai/573_biggan_00062.png,128,128,PNG,RGB,0.02905750274658203,True
/content/genimage_sample/biggan/raw/imagenet_ai_0419_biggan/train/ai/509_biggan_00044.png,128,128,PNG,RGB,0.03753662109375,True
/content/genimage_sample/biggan/raw/imagenet_ai_0419_biggan/train/ai/412_biggan_00040.png,128,128,PNG,RGB,0.027292251586914062,True
/content/genimage_sample/biggan/raw/imagenet_ai_0419_biggan/train/ai/346_biggan_00132.png,128,128,PNG,RGB,0.030986785888671875,True
/content/genimage_sample/biggan/raw/imagenet_ai_0419_biggan/train/ai/427_biggan_00187.png,128,128,PNG,RGB,0.031101226806640625,True
/content/genimage_sample/biggan/raw/imagenet_ai_0419_biggan/train/ai/261_biggan_00093.png,128,128,PNG,RGB,0.031219482421875,True
/content/genimage_sample/biggan/raw/imagenet_ai_0419_biggan/train/ai/539_biggan_00149.png,128,128,PNG,RGB,0.03075122833251953,True
/content/genimage_sample/biggan/raw/imagenet_ai_0419_biggan/train/ai/648_biggan_00187.png,128,128,PNG,RGB,0.01786327362060547,True
/content/genimage_sample/biggan/raw/imagenet_ai_0419_biggan/train/ai/554_biggan_00167.png,128,128,PNG,RGB,0.022347450256347656,True
/content/genimage_sample/biggan/raw/imagenet_ai_0419_biggan/train/ai/150_biggan_00181.png,128,128,PNG,RGB,0.029521942138671875,True
/content/genimage_sample/biggan/raw/imagenet_ai_0419_biggan/train/ai/587_biggan_00073.png,128,128,PNG,RGB,0.01799488067626953,True
/content/genimage_sample/biggan/raw/imagenet_ai_0419_biggan/train/ai/813_biggan_00139.png,128,128,PNG,RGB,0.01744556427001953,True
/content/genimage_sample/biggan/raw/imagenet_ai_0419_biggan/train/ai/425_biggan_00034.png,128,128,PNG,RGB,0.03255653381347656,True
/content/genimage_sample/biggan/raw/imagenet_ai_0419_biggan/train/ai/464_biggan_00056.png,128,128,PNG,RGB,0.028734207153320312,True
/content/genimage_sample/biggan/raw/imagenet_ai_0419_biggan/train/ai/318_biggan_00166.png,128,128,PNG,RGB,0.023263931274414062,True
/content/genimage_sample/biggan/raw/imagenet_ai_0419_biggan/train/ai/257_biggan_00120.png,128,128,PNG,RGB,0.02521514892578125,True
/content/genimage_sample/biggan/raw/imagenet_ai_0419_biggan/train/ai/924_biggan_00008.png,128,128,PNG,RGB,0.029868125915527344,True
/content/genimage_sample/biggan/raw/imagenet_ai_0419_biggan/train/ai/023_biggan_00175.png,128,128,PNG,RGB,0.022294044494628906,True
/content/genimage_sample/biggan/raw/imagenet_ai_0419_biggan/train/ai/894_biggan_00016.png,128,128,PNG,RGB,0.01945018768310547,True
/content/genimage_sample/biggan/raw/imagenet_ai_0419_biggan/train/ai/787_biggan_00103.png,128,128,PNG,RGB,0.025938034057617188,True
/content/genimage_sample/biggan/raw/imagenet_ai_0419_biggan/train/ai/817_biggan_00166.png,128,128,PNG,RGB,0.028629302978515625,True
/content/genimage_sample/biggan/raw/imagenet_ai_0419_biggan/train/ai/341_biggan_00081.png,128,128,PNG,RGB,0.02866363525390625,True
/content/genimage_sample/biggan/raw/imagenet_ai_0419_biggan/train/ai/429_biggan_00161.png,128,128,PNG,RGB,0.018662452697753906,True
/content/genimage_sample/biggan/raw/imagenet_ai_0419_biggan/train/ai/985_biggan_00136.png,128,128,PNG,RGB,0.039707183837890625,True
/content/genimage_sample/biggan/raw/imagenet_ai_0419_biggan/train/ai/653_biggan_00076.png,128,128,PNG,RGB,0.03099822998046875,True
/content/genimage_sample/biggan/raw/imagenet_ai_0419_biggan/train/ai/614_biggan_00156.png,128,128,PNG,RGB,0.03297138214111328,True
/content/genimage_sample/biggan/raw/imagenet_ai_0419_biggan/train/ai/398_biggan_00083.png,128,128,PNG,RGB,0.026525497436523438,True
/content/genimage_sample/biggan/raw/imagenet_ai_0419_biggan/train/ai/206_biggan_00049.png,128,128,PNG,RGB,0.025682449340820312,True
/content/genimage_sample/biggan/raw/imagenet_ai_0419_biggan/train/ai/867_biggan_00140.png,128,128,PNG,RGB,0.02764606475830078,True
/content/genimage_sample/biggan/raw/imagenet_ai_0419_biggan/train/ai/058_biggan_00060.png,128,128,PNG,RGB,0.03469276428222656,True
/content/genimage_sample/biggan/raw/imagenet_ai_0419_biggan/train/ai/296_biggan_00181.png,128,128,PNG,RGB,0.021800994873046875,True
/content/genimage_sample/biggan/raw/imagenet_ai_0419_biggan/train/ai/824_biggan_00061.png,128,128,PNG,RGB,0.030287742614746094,True
/content/genimage_sample/biggan/raw/imagenet_ai_0419_biggan/train/ai/150_biggan_00014.png,128,128,PNG,RGB,0.02435779571533203,True
/content/genimage_sample/biggan/raw/imagenet_ai_0419_biggan/train/ai/195_biggan_00160.png,128,128,PNG,RGB,0.03324604034423828,True
/content/genimage_sample/biggan/raw/imagenet_ai_0419_biggan/train/ai/695_biggan_00094.png,128,128,PNG,RGB,0.025424957275390625,True
/content/genimage_sample/biggan/raw/imagenet_ai_0419_biggan/train/ai/933_biggan_00004.png,128,128,PNG,RGB,0.026721954345703125,True
/content/genimage_sample/biggan/raw/imagenet_ai_0419_biggan/train/ai/156_biggan_00101.png,128,128,PNG,RGB,0.032482147216796875,True
/content/genimage_sample/biggan/raw/imagenet_ai_0419_biggan/train/ai/181_biggan_00004.png,128,128,PNG,RGB,0.030498504638671875,True
/content/genimage_sample/biggan/raw/imagenet_ai_0419_biggan/train/ai/461_biggan_00115.png,128,128,PNG,RGB,0.02575206756591797,True
/content/genimage_sample/biggan/raw/imagenet_ai_0419_biggan/train/ai/965_biggan_00070.png,128,128,PNG,RGB,0.030872344970703125,True
/content/genimage_sample/biggan/raw/imagenet_ai_0419_biggan/train/ai/129_biggan_00124.png,128,128,PNG,RGB,0.036574363708496094,True
/content/genimage_sample/biggan/raw/imagenet_ai_0419_biggan/train/ai/474_biggan_00184.png,128,128,PNG,RGB,0.027437210083007812,True
/content/genimage_sample/biggan/raw/imagenet_ai_0419_biggan/train/ai/310_biggan_00085.png,128,128,PNG,RGB,0.032276153564453125,True
/content/genimage_sample/biggan/raw/imagenet_ai_0419_biggan/train/ai/683_biggan_00171.png,128,128,PNG,RGB,0.02909374237060547,True
/content/genimage_sample/biggan/raw/imagenet_ai_0419_biggan/train/ai/748_biggan_00121.png,128,128,PNG,RGB,0.023848533630371094,True
/content/genimage_sample/biggan/raw/imagenet_ai_0419_biggan/train/ai/263_biggan_00044.png,128,128,PNG,RGB,0.02588367462158203,True
/content/genimage_sample/biggan/raw/imagenet_ai_0419_biggan/train/ai/684_biggan_00098.png,128,128,PNG,RGB,0.020723342895507812,True
/content/genimage_sample/biggan/raw/imagenet_ai_0419_biggan/train/ai/535_biggan_00170.png,128,128,PNG,RGB,0.02991199493408203,True
/content/genimage_sample/biggan/raw/imagenet_ai_0419_biggan/train/ai/493_biggan_00169.png,128,128,PNG,RGB,0.02645587921142578,True
/content/genimage_sample/biggan/raw/imagenet_ai_0419_biggan/train/ai/356_biggan_00069.png,128,128,PNG,RGB,0.02472972869873047,True
/content/genimage_sample/biggan/raw/imagenet_ai_0419_biggan/train/ai/976_biggan_00184.png,128,128,PNG,RGB,0.027894973754882812,True
/content/genimage_sample/biggan/raw/imagenet_ai_0419_biggan/train/ai/936_biggan_00157.png,128,128,PNG,RGB,0.031714439392089844,True
/content/genimage_sample/biggan/raw/imagenet_ai_0419_biggan/train/ai/186_biggan_00155.png,128,128,PNG,RGB,0.03077411651611328,True
/content/genimage_sample/biggan/raw/imagenet_ai_0419_biggan/train/ai/726_biggan_00178.png,128,128,PNG,RGB,0.027801513671875,True
/content/genimage_sample/biggan/raw/imagenet_ai_0419_biggan/train/ai/507_biggan_00190.png,128,128,PNG,RGB,0.027250289916992188,True
/content/genimage_sample/biggan/raw/imagenet_ai_0419_biggan/train/ai/572_biggan_00062.png,128,128,PNG,RGB,0.02643585205078125,True
/content/genimage_sample/biggan/raw/imagenet_ai_0419_biggan/train/ai/376_biggan_00138.png,128,128,PNG,RGB,0.03947925567626953,True
/content/genimage_sample/biggan/raw/imagenet_ai_0419_biggan/train/ai/098_biggan_00126.png,128,128,PNG,RGB,0.029802322387695312,True
/content/genimage_sample/biggan/raw/imagenet_ai_0419_biggan/train/ai/945_biggan_00188.png,128,128,PNG,RGB,0.028220176696777344,True
/content/genimage_sample/biggan/raw/imagenet_ai_0419_biggan/train/ai/597_biggan_00188.png,128,128,PNG,RGB,0.025814056396484375,True
/content/genimage_sample/biggan/raw/imagenet_ai_0419_biggan/train/ai/345_biggan_00175.png,128,128,PNG,RGB,0.030330657958984375,True
/content/genimage_sample/biggan/raw/imagenet_ai_0419_biggan/train/ai/831_biggan_00196.png,128,128,PNG,RGB,0.020456314086914062,True
/content/genimage_sample/biggan/raw/imagenet_ai_0419_biggan/train/ai/355_biggan_00075.png,128,128,PNG,RGB,0.0287628173828125,True
/content/genimage_sample/biggan/raw/imagenet_ai_0419_biggan/train/ai/692_biggan_00013.png,128,128,PNG,RGB,0.025244712829589844,True
/content/genimage_sample/biggan/raw/imagenet_ai_0419_biggan/train/ai/387_biggan_00094.png,128,128,PNG,RGB,0.03273963928222656,True
/content/genimage_sample/biggan/raw/imagenet_ai_0419_biggan/train/ai/708_biggan_00182.png,128,128,PNG,RGB,0.018390655517578125,True
/content/genimage_sample/biggan/raw/imagenet_ai_0419_biggan/train/ai/064_biggan_00110.png,128,128,PNG,RGB,0.024425506591796875,True
/content/genimage_sample/biggan/raw/imagenet_ai_0419_biggan/train/ai/693_biggan_00057.png,128,128,PNG,RGB,0.03209877014160156,True
/content/genimage_sample/biggan/raw/imagenet_ai_0419_biggan/train/ai/821_biggan_00103.png,128,128,PNG,RGB,0.029440879821777344,True
/content/genimage_sample/biggan/raw/imagenet_ai_0419_biggan/train/ai/872_biggan_00134.png,128,128,PNG,RGB,0.023942947387695312,True
/content/genimage_sample/biggan/raw/imagenet_ai_0419_biggan/train/ai/310_biggan_00005.png,128,128,PNG,RGB,0.022352218627929688,True
/content/genimage_sample/biggan/raw/imagenet_ai_0419_biggan/train/ai/537_biggan_00106.png,128,128,PNG,RGB,0.03322029113769531,True
/content/genimage_sample/biggan/raw/imagenet_ai_0419_biggan/train/ai/617_biggan_00105.png,128,128,PNG,RGB,0.028020858764648438,True
/content/genimage_sample/biggan/raw/imagenet_ai_0419_biggan/train/ai/881_biggan_00161.png,128,128,PNG,RGB,0.024865150451660156,True
/content/genimage_sample/biggan/raw/imagenet_ai_0419_biggan/train/ai/651_biggan_00032.png,128,128,PNG,RGB,0.0238037109375,True
/content/genimage_sample/biggan/raw/imagenet_ai_0419_biggan/train/ai/856_biggan_00044.png,128,128,PNG,RGB,0.03001689910888672,True
/content/genimage_sample/biggan/raw/imagenet_ai_0419_biggan/train/ai/590_biggan_00072.png,128,128,PNG,RGB,0.024152755737304688,True
/content/genimage_sample/biggan/raw/imagenet_ai_0419_biggan/train/ai/703_biggan_00044.png,128,128,PNG,RGB,0.03709125518798828,True
/content/genimage_sample/biggan/raw/imagenet_ai_0419_biggan/train/ai/127_biggan_00102.png,128,128,PNG,RGB,0.031661033630371094,True
/content/genimage_sample/biggan/raw/imagenet_ai_0419_biggan/train/ai/174_biggan_00181.png,128,128,PNG,RGB,0.030159950256347656,True
/content/genimage_sample/biggan/raw/imagenet_ai_0419_biggan/train/ai/361_biggan_00043.png,128,128,PNG,RGB,0.034903526306152344,True
/content/genimage_sample/biggan/raw/imagenet_ai_0419_biggan/train/ai/385_biggan_00028.png,128,128,PNG,RGB,0.031864166259765625,True
/content/genimage_sample/biggan/raw/imagenet_ai_0419_biggan/val/ai/710_biggan_00035.png,128,128,PNG,RGB,0.02586841583251953,True
/content/genimage_sample/biggan/raw/imagenet_ai_0419_biggan/val/ai/962_biggan_00020.png,128,128,PNG,RGB,0.028344154357910156,True
/content/genimage_sample/biggan/raw/imagenet_ai_0419_biggan/val/ai/226_biggan_00020.png,128,128,PNG,RGB,0.03092479705810547,True
/content/genimage_sample/biggan/raw/imagenet_ai_0419_biggan/val/ai/742_biggan_00074.png,128,128,PNG,RGB,0.0222930908203125,True
/content/genimage_sample/biggan/raw/imagenet_ai_0419_biggan/val/ai/916_biggan_00020.png,128,128,PNG,RGB,0.02017498016357422,True
/content/genimage_sample/biggan/raw/imagenet_ai_0419_biggan/val/ai/573_biggan_00035.png,128,128,PNG,RGB,0.035129547119140625,True
/content/genimage_sample/biggan/raw/imagenet_ai_0419_biggan/val/ai/413_biggan_00074.png,128,128,PNG,RGB,0.03137016296386719,True
/content/genimage_sample/biggan/raw/imagenet_ai_0419_biggan/val/ai/773_biggan_00039.png,128,128,PNG,RGB,0.029939651489257812,True
/content/genimage_sample/biggan/raw/imagenet_ai_0419_biggan/val/ai/138_biggan_00143.png,128,128,PNG,RGB,0.03068828582763672,True
/content/genimage_sample/biggan/raw/imagenet_ai_0419_biggan/val/ai/319_biggan_00127.png,128,128,PNG,RGB,0.025307655334472656,True
/content/genimage_sample/biggan/raw/imagenet_ai_0419_biggan/val/ai/117_biggan_00020.png,128,128,PNG,RGB,0.027060508728027344,True
/content/genimage_sample/biggan/raw/imagenet_ai_0419_biggan/val/ai/061_biggan_00035.png,128,128,PNG,RGB,0.03563976287841797,True
/content/genimage_sample/biggan/raw/imagenet_ai_0419_biggan/val/ai/936_biggan_00143.png,128,128,PNG,RGB,0.03293418884277344,True
/content/genimage_sample/biggan/raw/imagenet_ai_0419_biggan/val/ai/465_biggan_00127.png,128,128,PNG,RGB,0.019866943359375,True
/content/genimage_sample/biggan/raw/imagenet_ai_0419_biggan/val/ai/835_biggan_00143.png,128,128,PNG,RGB,0.034796714782714844,True
/content/genimage_sample/biggan/raw/imagenet_ai_0419_biggan/val/ai/712_biggan_00035.png,128,128,PNG,RGB,0.026506423950195312,True
/content/genimage_sample/biggan/raw/imagenet_ai_0419_biggan/val/ai/023_biggan_00074.png,128,128,PNG,RGB,0.017106056213378906,True
